5 Minutes,Flow,Start Point,End Point
04/01/2016 0:00,20,"100,200","100,150"
04/01/2016 0:05,22,"100,200","100,150"
04/01/2016 0:10,22,"100,200","100,150"
04/01/2016 0:15,50,"100,200","100,150"
04/01/2016 0:20,37,"100,200","100,150"
04/01/2016 0:25,55,"100,200","100,150"
04/01/2016 0:30,42,"100,200","100,150"
04/01/2016 0:35,45,"100,200","100,150"
04/01/2016 0:40,33,"100,200","100,150"
04/01/2016 0:45,50,"100,200","100,150"
04/01/2016 0:50,34,"100,200","100,150"
04/01/2016 0:55,24,"100,200","100,150"
04/01/2016 1:00,24,"100,200","100,150"
04/01/2016 1:05,30,"100,200","100,150"
04/01/2016 1:10,21,"100,200","100,150"
04/01/2016 1:15,37,"100,200","100,150"
04/01/2016 1:20,32,"100,200","100,150"
04/01/2016 1:25,21,"100,200","100,150"
04/01/2016 1:30,23,"100,200","100,150"
04/01/2016 1:35,30,"100,200","100,150"
04/01/2016 1:40,17,"100,200","100,150"
04/01/2016 1:45,22,"100,200","100,150"
04/01/2016 1:50,25,"100,200","100,150"
04/01/2016 1:55,28,"100,200","100,150"
04/01/2016 2:00,28,"100,200","100,150"
04/01/2016 2:05,20,"100,200","100,150"
04/01/2016 2:10,33,"100,200","100,150"
04/01/2016 2:15,25,"100,200","100,150"
04/01/2016 2:20,25,"100,200","100,150"
04/01/2016 2:25,14,"100,200","100,150"
04/01/2016 2:30,20,"100,200","100,150"
04/01/2016 2:35,14,"100,200","100,150"
04/01/2016 2:40,24,"100,200","100,150"
04/01/2016 2:45,30,"100,200","100,150"
04/01/2016 2:50,29,"100,200","100,150"
04/01/2016 2:55,19,"100,200","100,150"
04/01/2016 3:00,20,"100,200","100,150"
04/01/2016 3:05,14,"100,200","100,150"
04/01/2016 3:10,24,"100,200","100,150"
04/01/2016 3:15,18,"100,200","100,150"
04/01/2016 3:20,15,"100,200","100,150"
04/01/2016 3:25,18,"100,200","100,150"
04/01/2016 3:30,25,"100,200","100,150"
04/01/2016 3:35,20,"100,200","100,150"
04/01/2016 3:40,18,"100,200","100,150"
04/01/2016 3:45,31,"100,200","100,150"
04/01/2016 3:50,23,"100,200","100,150"
04/01/2016 3:55,27,"100,200","100,150"
04/01/2016 4:00,17,"100,200","100,150"
04/01/2016 4:05,24,"100,200","100,150"
04/01/2016 4:10,21,"100,200","100,150"
04/01/2016 4:15,28,"100,200","100,150"
04/01/2016 4:20,28,"100,200","100,150"
04/01/2016 4:25,25,"100,200","100,150"
04/01/2016 4:30,19,"100,200","100,150"
04/01/2016 4:35,30,"100,200","100,150"
04/01/2016 4:40,23,"100,200","100,150"
04/01/2016 4:45,25,"100,200","100,150"
04/01/2016 4:50,29,"100,200","100,150"
04/01/2016 4:55,23,"100,200","100,150"
04/01/2016 5:00,30,"100,200","100,150"
04/01/2016 5:05,28,"100,200","100,150"
04/01/2016 5:10,25,"100,200","100,150"
04/01/2016 5:15,35,"100,200","100,150"
04/01/2016 5:20,46,"100,200","100,150"
04/01/2016 5:25,46,"100,200","100,150"
04/01/2016 5:30,42,"100,200","100,150"
04/01/2016 5:35,38,"100,200","100,150"
04/01/2016 5:40,31,"100,200","100,150"
04/01/2016 5:45,40,"100,200","100,150"
04/01/2016 5:50,35,"100,200","100,150"
04/01/2016 5:55,42,"100,200","100,150"
04/01/2016 6:00,49,"100,200","100,150"
04/01/2016 6:05,46,"100,200","100,150"
04/01/2016 6:10,55,"100,200","100,150"
04/01/2016 6:15,54,"100,200","100,150"
04/01/2016 6:20,69,"100,200","100,150"
04/01/2016 6:25,67,"100,200","100,150"
04/01/2016 6:30,61,"100,200","100,150"
04/01/2016 6:35,70,"100,200","100,150"
04/01/2016 6:40,52,"100,200","100,150"
04/01/2016 6:45,57,"100,200","100,150"
04/01/2016 6:50,64,"100,200","100,150"
04/01/2016 6:55,53,"100,200","100,150"
04/01/2016 7:00,62,"100,200","100,150"
04/01/2016 7:05,70,"100,200","100,150"
04/01/2016 7:10,64,"100,200","100,150"
04/01/2016 7:15,70,"100,200","100,150"
04/01/2016 7:20,73,"100,200","100,150"
04/01/2016 7:25,68,"100,200","100,150"
04/01/2016 7:30,76,"100,200","100,150"
04/01/2016 7:35,73,"100,200","100,150"
04/01/2016 7:40,95,"100,200","100,150"
04/01/2016 7:45,85,"100,200","100,150"
04/01/2016 7:50,99,"100,200","100,150"
04/01/2016 7:55,91,"100,200","100,150"
04/01/2016 8:00,86,"100,200","100,150"
04/01/2016 8:05,98,"100,200","100,150"
04/01/2016 8:10,109,"100,200","100,150"
04/01/2016 8:15,102,"100,200","100,150"
04/01/2016 8:20,99,"100,200","100,150"
04/01/2016 8:25,111,"100,200","100,150"
04/01/2016 8:30,116,"100,200","100,150"
04/01/2016 8:35,105,"100,200","100,150"
04/01/2016 8:40,116,"100,200","100,150"
04/01/2016 8:45,102,"100,200","100,150"
04/01/2016 8:50,130,"100,200","100,150"
04/01/2016 8:55,109,"100,200","100,150"
04/01/2016 9:00,113,"100,200","100,150"
04/01/2016 9:05,103,"100,200","100,150"
04/01/2016 9:10,142,"100,200","100,150"
04/01/2016 9:15,118,"100,200","100,150"
04/01/2016 9:20,116,"100,200","100,150"
04/01/2016 9:25,134,"100,200","100,150"
04/01/2016 9:30,123,"100,200","100,150"
04/01/2016 9:35,138,"100,200","100,150"
04/01/2016 9:40,137,"100,200","100,150"
04/01/2016 9:45,164,"100,200","100,150"
04/01/2016 9:50,149,"100,200","100,150"
04/01/2016 9:55,158,"100,200","100,150"
04/01/2016 10:00,148,"100,200","100,150"
04/01/2016 10:05,127,"100,200","100,150"
04/01/2016 10:10,153,"100,200","100,150"
04/01/2016 10:15,157,"100,200","100,150"
04/01/2016 10:20,181,"100,200","100,150"
04/01/2016 10:25,150,"100,200","100,150"
04/01/2016 10:30,155,"100,200","100,150"
04/01/2016 10:35,156,"100,200","100,150"
04/01/2016 10:40,162,"100,200","100,150"
04/01/2016 10:45,144,"100,200","100,150"
04/01/2016 10:50,155,"100,200","100,150"
04/01/2016 10:55,152,"100,200","100,150"
04/01/2016 11:00,168,"100,200","100,150"
04/01/2016 11:05,156,"100,200","100,150"
04/01/2016 11:10,168,"100,200","100,150"
04/01/2016 11:15,150,"100,200","100,150"
04/01/2016 11:20,159,"100,200","100,150"
04/01/2016 11:25,147,"100,200","100,150"
04/01/2016 11:30,150,"100,200","100,150"
04/01/2016 11:35,161,"100,200","100,150"
04/01/2016 11:40,145,"100,200","100,150"
04/01/2016 11:45,144,"100,200","100,150"
04/01/2016 11:50,166,"100,200","100,150"
04/01/2016 11:55,146,"100,200","100,150"
04/01/2016 12:00,148,"100,200","100,150"
04/01/2016 12:05,132,"100,200","100,150"
04/01/2016 12:10,153,"100,200","100,150"
04/01/2016 12:15,170,"100,200","100,150"
04/01/2016 12:20,150,"100,200","100,150"
04/01/2016 12:25,180,"100,200","100,150"
04/01/2016 12:30,145,"100,200","100,150"
04/01/2016 12:35,166,"100,200","100,150"
04/01/2016 12:40,166,"100,200","100,150"
04/01/2016 12:45,160,"100,200","100,150"
04/01/2016 12:50,163,"100,200","100,150"
04/01/2016 12:55,145,"100,200","100,150"
04/01/2016 13:00,154,"100,200","100,150"
04/01/2016 13:05,163,"100,200","100,150"
04/01/2016 13:10,163,"100,200","100,150"
04/01/2016 13:15,138,"100,200","100,150"
04/01/2016 13:20,153,"100,200","100,150"
04/01/2016 13:25,156,"100,200","100,150"
04/01/2016 13:30,163,"100,200","100,150"
04/01/2016 13:35,161,"100,200","100,150"
04/01/2016 13:40,167,"100,200","100,150"
04/01/2016 13:45,146,"100,200","100,150"
04/01/2016 13:50,164,"100,200","100,150"
04/01/2016 13:55,152,"100,200","100,150"
04/01/2016 14:00,178,"100,200","100,150"
04/01/2016 14:05,146,"100,200","100,150"
04/01/2016 14:10,161,"100,200","100,150"
04/01/2016 14:15,169,"100,200","100,150"
04/01/2016 14:20,172,"100,200","100,150"
04/01/2016 14:25,160,"100,200","100,150"
04/01/2016 14:30,164,"100,200","100,150"
04/01/2016 14:35,146,"100,200","100,150"
04/01/2016 14:40,163,"100,200","100,150"
04/01/2016 14:45,162,"100,200","100,150"
04/01/2016 14:50,159,"100,200","100,150"
04/01/2016 14:55,172,"100,200","100,150"
04/01/2016 15:00,139,"100,200","100,150"
04/01/2016 15:05,156,"100,200","100,150"
04/01/2016 15:10,169,"100,200","100,150"
04/01/2016 15:15,143,"100,200","100,150"
04/01/2016 15:20,160,"100,200","100,150"
04/01/2016 15:25,141,"100,200","100,150"
04/01/2016 15:30,172,"100,200","100,150"
04/01/2016 15:35,155,"100,200","100,150"
04/01/2016 15:40,158,"100,200","100,150"
04/01/2016 15:45,156,"100,200","100,150"
04/01/2016 15:50,160,"100,200","100,150"
04/01/2016 15:55,139,"100,200","100,150"
04/01/2016 16:00,170,"100,200","100,150"
04/01/2016 16:05,151,"100,200","100,150"
04/01/2016 16:10,149,"100,200","100,150"
04/01/2016 16:15,178,"100,200","100,150"
04/01/2016 16:20,166,"100,200","100,150"
04/01/2016 16:25,191,"100,200","100,150"
04/01/2016 16:30,187,"100,200","100,150"
04/01/2016 16:35,176,"100,200","100,150"
04/01/2016 16:40,179,"100,200","100,150"
04/01/2016 16:45,160,"100,200","100,150"
04/01/2016 16:50,144,"100,200","100,150"
04/01/2016 16:55,173,"100,200","100,150"
04/01/2016 17:00,156,"100,200","100,150"
04/01/2016 17:05,178,"100,200","100,150"
04/01/2016 17:10,166,"100,200","100,150"
04/01/2016 17:15,163,"100,200","100,150"
04/01/2016 17:20,170,"100,200","100,150"
04/01/2016 17:25,160,"100,200","100,150"
04/01/2016 17:30,132,"100,200","100,150"
04/01/2016 17:35,164,"100,200","100,150"
04/01/2016 17:40,143,"100,200","100,150"
04/01/2016 17:45,161,"100,200","100,150"
04/01/2016 17:50,172,"100,200","100,150"
04/01/2016 17:55,149,"100,200","100,150"
04/01/2016 18:00,136,"100,200","100,150"
04/01/2016 18:05,165,"100,200","100,150"
04/01/2016 18:10,173,"100,200","100,150"
04/01/2016 18:15,163,"100,200","100,150"
04/01/2016 18:20,180,"100,200","100,150"
04/01/2016 18:25,140,"100,200","100,150"
04/01/2016 18:30,167,"100,200","100,150"
04/01/2016 18:35,139,"100,200","100,150"
04/01/2016 18:40,127,"100,200","100,150"
04/01/2016 18:45,151,"100,200","100,150"
04/01/2016 18:50,128,"100,200","100,150"
04/01/2016 18:55,112,"100,200","100,150"
04/01/2016 19:00,144,"100,200","100,150"
04/01/2016 19:05,134,"100,200","100,150"
04/01/2016 19:10,149,"100,200","100,150"
04/01/2016 19:15,140,"100,200","100,150"
04/01/2016 19:20,146,"100,200","100,150"
04/01/2016 19:25,147,"100,200","100,150"
04/01/2016 19:30,133,"100,200","100,150"
04/01/2016 19:35,133,"100,200","100,150"
04/01/2016 19:40,138,"100,200","100,150"
04/01/2016 19:45,123,"100,200","100,150"
04/01/2016 19:50,113,"100,200","100,150"
04/01/2016 19:55,115,"100,200","100,150"
04/01/2016 20:00,131,"100,200","100,150"
04/01/2016 20:05,125,"100,200","100,150"
04/01/2016 20:10,115,"100,200","100,150"
04/01/2016 20:15,127,"100,200","100,150"
04/01/2016 20:20,119,"100,200","100,150"
04/01/2016 20:25,130,"100,200","100,150"
04/01/2016 20:30,111,"100,200","100,150"
04/01/2016 20:35,104,"100,200","100,150"
04/01/2016 20:40,132,"100,200","100,150"
04/01/2016 20:45,113,"100,200","100,150"
04/01/2016 20:50,117,"100,200","100,150"
04/01/2016 20:55,96,"100,200","100,150"
04/01/2016 21:00,105,"100,200","100,150"
04/01/2016 21:05,135,"100,200","100,150"
04/01/2016 21:10,135,"100,200","100,150"
04/01/2016 21:15,119,"100,200","100,150"
04/01/2016 21:20,127,"100,200","100,150"
04/01/2016 21:25,109,"100,200","100,150"
04/01/2016 21:30,123,"100,200","100,150"
04/01/2016 21:35,123,"100,200","100,150"
04/01/2016 21:40,110,"100,200","100,150"
04/01/2016 21:45,108,"100,200","100,150"
04/01/2016 21:50,98,"100,200","100,150"
04/01/2016 21:55,127,"100,200","100,150"
04/01/2016 22:00,120,"100,200","100,150"
04/01/2016 22:05,112,"100,200","100,150"
04/01/2016 22:10,108,"100,200","100,150"
04/01/2016 22:15,105,"100,200","100,150"
04/01/2016 22:20,99,"100,200","100,150"
04/01/2016 22:25,92,"100,200","100,150"
04/01/2016 22:30,79,"100,200","100,150"
04/01/2016 22:35,95,"100,200","100,150"
04/01/2016 22:40,105,"100,200","100,150"
04/01/2016 22:45,91,"100,200","100,150"
04/01/2016 22:50,96,"100,200","100,150"
04/01/2016 22:55,76,"100,200","100,150"
04/01/2016 23:00,62,"100,200","100,150"
04/01/2016 23:05,82,"100,200","100,150"
04/01/2016 23:10,79,"100,200","100,150"
04/01/2016 23:15,63,"100,200","100,150"
04/01/2016 23:20,74,"100,200","100,150"
04/01/2016 23:25,80,"100,200","100,150"
04/01/2016 23:30,75,"100,200","100,150"
04/01/2016 23:35,68,"100,200","100,150"
04/01/2016 23:40,72,"100,200","100,150"
04/01/2016 23:45,60,"100,200","100,150"
04/01/2016 23:50,64,"100,200","100,150"
04/01/2016 23:55,71,"100,200","100,150"
05/01/2016 0:00,26,"100,200","100,150"
05/01/2016 0:05,25,"100,200","100,150"
05/01/2016 0:10,24,"100,200","100,150"
05/01/2016 0:15,67,"100,200","100,150"
05/01/2016 0:20,61,"100,200","100,150"
05/01/2016 0:25,73,"100,200","100,150"
05/01/2016 0:30,55,"100,200","100,150"
05/01/2016 0:35,33,"100,200","100,150"
05/01/2016 0:40,54,"100,200","100,150"
05/01/2016 0:45,42,"100,200","100,150"
05/01/2016 0:50,36,"100,200","100,150"
05/01/2016 0:55,48,"100,200","100,150"
05/01/2016 1:00,40,"100,200","100,150"
05/01/2016 1:05,35,"100,200","100,150"
05/01/2016 1:10,43,"100,200","100,150"
05/01/2016 1:15,24,"100,200","100,150"
05/01/2016 1:20,28,"100,200","100,150"
05/01/2016 1:25,37,"100,200","100,150"
05/01/2016 1:30,29,"100,200","100,150"
05/01/2016 1:35,25,"100,200","100,150"
05/01/2016 1:40,27,"100,200","100,150"
05/01/2016 1:45,23,"100,200","100,150"
05/01/2016 1:50,35,"100,200","100,150"
05/01/2016 1:55,40,"100,200","100,150"
05/01/2016 2:00,28,"100,200","100,150"
05/01/2016 2:05,29,"100,200","100,150"
05/01/2016 2:10,38,"100,200","100,150"
05/01/2016 2:15,42,"100,200","100,150"
05/01/2016 2:20,19,"100,200","100,150"
05/01/2016 2:25,26,"100,200","100,150"
05/01/2016 2:30,28,"100,200","100,150"
05/01/2016 2:35,27,"100,200","100,150"
05/01/2016 2:40,32,"100,200","100,150"
05/01/2016 2:45,28,"100,200","100,150"
05/01/2016 2:50,20,"100,200","100,150"
05/01/2016 2:55,26,"100,200","100,150"
05/01/2016 3:00,29,"100,200","100,150"
05/01/2016 3:05,20,"100,200","100,150"
05/01/2016 3:10,17,"100,200","100,150"
05/01/2016 3:15,17,"100,200","100,150"
05/01/2016 3:20,25,"100,200","100,150"
05/01/2016 3:25,32,"100,200","100,150"
05/01/2016 3:30,21,"100,200","100,150"
05/01/2016 3:35,27,"100,200","100,150"
05/01/2016 3:40,22,"100,200","100,150"
05/01/2016 3:45,19,"100,200","100,150"
05/01/2016 3:50,23,"100,200","100,150"
05/01/2016 3:55,15,"100,200","100,150"
05/01/2016 4:00,25,"100,200","100,150"
05/01/2016 4:05,33,"100,200","100,150"
05/01/2016 4:10,11,"100,200","100,150"
05/01/2016 4:15,13,"100,200","100,150"
05/01/2016 4:20,30,"100,200","100,150"
05/01/2016 4:25,26,"100,200","100,150"
05/01/2016 4:30,21,"100,200","100,150"
05/01/2016 4:35,22,"100,200","100,150"
05/01/2016 4:40,23,"100,200","100,150"
05/01/2016 4:45,19,"100,200","100,150"
05/01/2016 4:50,20,"100,200","100,150"
05/01/2016 4:55,23,"100,200","100,150"
05/01/2016 5:00,32,"100,200","100,150"
05/01/2016 5:05,30,"100,200","100,150"
05/01/2016 5:10,25,"100,200","100,150"
05/01/2016 5:15,26,"100,200","100,150"
05/01/2016 5:20,32,"100,200","100,150"
05/01/2016 5:25,26,"100,200","100,150"
05/01/2016 5:30,26,"100,200","100,150"
05/01/2016 5:35,38,"100,200","100,150"
05/01/2016 5:40,35,"100,200","100,150"
05/01/2016 5:45,30,"100,200","100,150"
05/01/2016 5:50,28,"100,200","100,150"
05/01/2016 5:55,36,"100,200","100,150"
05/01/2016 6:00,34,"100,200","100,150"
05/01/2016 6:05,42,"100,200","100,150"
05/01/2016 6:10,60,"100,200","100,150"
05/01/2016 6:15,49,"100,200","100,150"
05/01/2016 6:20,40,"100,200","100,150"
05/01/2016 6:25,50,"100,200","100,150"
05/01/2016 6:30,49,"100,200","100,150"
05/01/2016 6:35,39,"100,200","100,150"
05/01/2016 6:40,35,"100,200","100,150"
05/01/2016 6:45,47,"100,200","100,150"
05/01/2016 6:50,37,"100,200","100,150"
05/01/2016 6:55,45,"100,200","100,150"
05/01/2016 7:00,40,"100,200","100,150"
05/01/2016 7:05,45,"100,200","100,150"
05/01/2016 7:10,51,"100,200","100,150"
05/01/2016 7:15,55,"100,200","100,150"
05/01/2016 7:20,48,"100,200","100,150"
05/01/2016 7:25,66,"100,200","100,150"
05/01/2016 7:30,63,"100,200","100,150"
05/01/2016 7:35,56,"100,200","100,150"
05/01/2016 7:40,57,"100,200","100,150"
05/01/2016 7:45,63,"100,200","100,150"
05/01/2016 7:50,59,"100,200","100,150"
05/01/2016 7:55,47,"100,200","100,150"
05/01/2016 8:00,81,"100,200","100,150"
05/01/2016 8:05,64,"100,200","100,150"
05/01/2016 8:10,91,"100,200","100,150"
05/01/2016 8:15,62,"100,200","100,150"
05/01/2016 8:20,80,"100,200","100,150"
05/01/2016 8:25,80,"100,200","100,150"
05/01/2016 8:30,79,"100,200","100,150"
05/01/2016 8:35,85,"100,200","100,150"
05/01/2016 8:40,99,"100,200","100,150"
05/01/2016 8:45,98,"100,200","100,150"
05/01/2016 8:50,89,"100,200","100,150"
05/01/2016 8:55,92,"100,200","100,150"
05/01/2016 9:00,92,"100,200","100,150"
05/01/2016 9:05,93,"100,200","100,150"
05/01/2016 9:10,113,"100,200","100,150"
05/01/2016 9:15,106,"100,200","100,150"
05/01/2016 9:20,101,"100,200","100,150"
05/01/2016 9:25,118,"100,200","100,150"
05/01/2016 9:30,110,"100,200","100,150"
05/01/2016 9:35,100,"100,200","100,150"
05/01/2016 9:40,130,"100,200","100,150"
05/01/2016 9:45,114,"100,200","100,150"
05/01/2016 9:50,122,"100,200","100,150"
05/01/2016 9:55,106,"100,200","100,150"
05/01/2016 10:00,119,"100,200","100,150"
05/01/2016 10:05,121,"100,200","100,150"
05/01/2016 10:10,112,"100,200","100,150"
05/01/2016 10:15,151,"100,200","100,150"
05/01/2016 10:20,124,"100,200","100,150"
05/01/2016 10:25,141,"100,200","100,150"
05/01/2016 10:30,140,"100,200","100,150"
05/01/2016 10:35,137,"100,200","100,150"
05/01/2016 10:40,127,"100,200","100,150"
05/01/2016 10:45,146,"100,200","100,150"
05/01/2016 10:50,135,"100,200","100,150"
05/01/2016 10:55,118,"100,200","100,150"
05/01/2016 11:00,133,"100,200","100,150"
05/01/2016 11:05,145,"100,200","100,150"
05/01/2016 11:10,126,"100,200","100,150"
05/01/2016 11:15,127,"100,200","100,150"
05/01/2016 11:20,153,"100,200","100,150"
05/01/2016 11:25,114,"100,200","100,150"
05/01/2016 11:30,163,"100,200","100,150"
05/01/2016 11:35,137,"100,200","100,150"
05/01/2016 11:40,161,"100,200","100,150"
05/01/2016 11:45,127,"100,200","100,150"
05/01/2016 11:50,174,"100,200","100,150"
05/01/2016 11:55,121,"100,200","100,150"
05/01/2016 12:00,153,"100,200","100,150"
05/01/2016 12:05,134,"100,200","100,150"
05/01/2016 12:10,160,"100,200","100,150"
05/01/2016 12:15,166,"100,200","100,150"
05/01/2016 12:20,147,"100,200","100,150"
05/01/2016 12:25,161,"100,200","100,150"
05/01/2016 12:30,162,"100,200","100,150"
05/01/2016 12:35,187,"100,200","100,150"
05/01/2016 12:40,147,"100,200","100,150"
05/01/2016 12:45,176,"100,200","100,150"
05/01/2016 12:50,164,"100,200","100,150"
05/01/2016 12:55,159,"100,200","100,150"
05/01/2016 13:00,175,"100,200","100,150"
05/01/2016 13:05,168,"100,200","100,150"
05/01/2016 13:10,151,"100,200","100,150"
05/01/2016 13:15,181,"100,200","100,150"
05/01/2016 13:20,170,"100,200","100,150"
05/01/2016 13:25,157,"100,200","100,150"
05/01/2016 13:30,162,"100,200","100,150"
05/01/2016 13:35,153,"100,200","100,150"
05/01/2016 13:40,160,"100,200","100,150"
05/01/2016 13:45,162,"100,200","100,150"
05/01/2016 13:50,166,"100,200","100,150"
05/01/2016 13:55,159,"100,200","100,150"
05/01/2016 14:00,176,"100,200","100,150"
05/01/2016 14:05,165,"100,200","100,150"
05/01/2016 14:10,166,"100,200","100,150"
05/01/2016 14:15,152,"100,200","100,150"
05/01/2016 14:20,169,"100,200","100,150"
05/01/2016 14:25,160,"100,200","100,150"
05/01/2016 14:30,160,"100,200","100,150"
05/01/2016 14:35,147,"100,200","100,150"
05/01/2016 14:40,156,"100,200","100,150"
05/01/2016 14:45,153,"100,200","100,150"
05/01/2016 14:50,160,"100,200","100,150"
05/01/2016 14:55,183,"100,200","100,150"
05/01/2016 15:00,177,"100,200","100,150"
05/01/2016 15:05,163,"100,200","100,150"
05/01/2016 15:10,152,"100,200","100,150"
05/01/2016 15:15,177,"100,200","100,150"
05/01/2016 15:20,169,"100,200","100,150"
05/01/2016 15:25,162,"100,200","100,150"
05/01/2016 15:30,169,"100,200","100,150"
05/01/2016 15:35,172,"100,200","100,150"
05/01/2016 15:40,160,"100,200","100,150"
05/01/2016 15:45,163,"100,200","100,150"
05/01/2016 15:50,157,"100,200","100,150"
05/01/2016 15:55,140,"100,200","100,150"
05/01/2016 16:00,174,"100,200","100,150"
05/01/2016 16:05,138,"100,200","100,150"
05/01/2016 16:10,161,"100,200","100,150"
05/01/2016 16:15,162,"100,200","100,150"
05/01/2016 16:20,178,"100,200","100,150"
05/01/2016 16:25,172,"100,200","100,150"
05/01/2016 16:30,181,"100,200","100,150"
05/01/2016 16:35,192,"100,200","100,150"
05/01/2016 16:40,180,"100,200","100,150"
05/01/2016 16:45,200,"100,200","100,150"
05/01/2016 16:50,163,"100,200","100,150"
05/01/2016 16:55,177,"100,200","100,150"
05/01/2016 17:00,156,"100,200","100,150"
05/01/2016 17:05,158,"100,200","100,150"
05/01/2016 17:10,159,"100,200","100,150"
05/01/2016 17:15,181,"100,200","100,150"
05/01/2016 17:20,167,"100,200","100,150"
05/01/2016 17:25,149,"100,200","100,150"
05/01/2016 17:30,161,"100,200","100,150"
05/01/2016 17:35,152,"100,200","100,150"
05/01/2016 17:40,181,"100,200","100,150"
05/01/2016 17:45,180,"100,200","100,150"
05/01/2016 17:50,173,"100,200","100,150"
05/01/2016 17:55,189,"100,200","100,150"
05/01/2016 18:00,161,"100,200","100,150"
05/01/2016 18:05,177,"100,200","100,150"
05/01/2016 18:10,160,"100,200","100,150"
05/01/2016 18:15,197,"100,200","100,150"
05/01/2016 18:20,160,"100,200","100,150"
05/01/2016 18:25,165,"100,200","100,150"
05/01/2016 18:30,152,"100,200","100,150"
05/01/2016 18:35,137,"100,200","100,150"
05/01/2016 18:40,122,"100,200","100,150"
05/01/2016 18:45,152,"100,200","100,150"
05/01/2016 18:50,146,"100,200","100,150"
05/01/2016 18:55,149,"100,200","100,150"
05/01/2016 19:00,127,"100,200","100,150"
05/01/2016 19:05,140,"100,200","100,150"
05/01/2016 19:10,125,"100,200","100,150"
05/01/2016 19:15,154,"100,200","100,150"
05/01/2016 19:20,142,"100,200","100,150"
05/01/2016 19:25,144,"100,200","100,150"
05/01/2016 19:30,149,"100,200","100,150"
05/01/2016 19:35,159,"100,200","100,150"
05/01/2016 19:40,130,"100,200","100,150"
05/01/2016 19:45,144,"100,200","100,150"
05/01/2016 19:50,119,"100,200","100,150"
05/01/2016 19:55,130,"100,200","100,150"
05/01/2016 20:00,128,"100,200","100,150"
05/01/2016 20:05,141,"100,200","100,150"
05/01/2016 20:10,157,"100,200","100,150"
05/01/2016 20:15,149,"100,200","100,150"
05/01/2016 20:20,147,"100,200","100,150"
05/01/2016 20:25,133,"100,200","100,150"
05/01/2016 20:30,138,"100,200","100,150"
05/01/2016 20:35,127,"100,200","100,150"
05/01/2016 20:40,147,"100,200","100,150"
05/01/2016 20:45,137,"100,200","100,150"
05/01/2016 20:50,129,"100,200","100,150"
05/01/2016 20:55,159,"100,200","100,150"
05/01/2016 21:00,117,"100,200","100,150"
05/01/2016 21:05,131,"100,200","100,150"
05/01/2016 21:10,135,"100,200","100,150"
05/01/2016 21:15,131,"100,200","100,150"
05/01/2016 21:20,114,"100,200","100,150"
05/01/2016 21:25,125,"100,200","100,150"
05/01/2016 21:30,115,"100,200","100,150"
05/01/2016 21:35,112,"100,200","100,150"
05/01/2016 21:40,128,"100,200","100,150"
05/01/2016 21:45,136,"100,200","100,150"
05/01/2016 21:50,111,"100,200","100,150"
05/01/2016 21:55,110,"100,200","100,150"
05/01/2016 22:00,115,"100,200","100,150"
05/01/2016 22:05,102,"100,200","100,150"
05/01/2016 22:10,116,"100,200","100,150"
05/01/2016 22:15,104,"100,200","100,150"
05/01/2016 22:20,111,"100,200","100,150"
05/01/2016 22:25,83,"100,200","100,150"
05/01/2016 22:30,100,"100,200","100,150"
05/01/2016 22:35,77,"100,200","100,150"
05/01/2016 22:40,78,"100,200","100,150"
05/01/2016 22:45,76,"100,200","100,150"
05/01/2016 22:50,85,"100,200","100,150"
05/01/2016 22:55,89,"100,200","100,150"
05/01/2016 23:00,80,"100,200","100,150"
05/01/2016 23:05,67,"100,200","100,150"
05/01/2016 23:10,74,"100,200","100,150"
05/01/2016 23:15,73,"100,200","100,150"
05/01/2016 23:20,70,"100,200","100,150"
05/01/2016 23:25,76,"100,200","100,150"
05/01/2016 23:30,54,"100,200","100,150"
05/01/2016 23:35,57,"100,200","100,150"
05/01/2016 23:40,58,"100,200","100,150"
05/01/2016 23:45,52,"100,200","100,150"
05/01/2016 23:50,47,"100,200","100,150"
05/01/2016 23:55,52,"100,200","100,150"
06/01/2016 0:00,10,"100,200","100,150"
06/01/2016 0:05,11,"100,200","100,150"
06/01/2016 0:10,12,"100,200","100,150"
06/01/2016 0:15,51,"100,200","100,150"
06/01/2016 0:20,48,"100,200","100,150"
06/01/2016 0:25,46,"100,200","100,150"
06/01/2016 0:30,56,"100,200","100,150"
06/01/2016 0:35,34,"100,200","100,150"
06/01/2016 0:40,40,"100,200","100,150"
06/01/2016 0:45,40,"100,200","100,150"
06/01/2016 0:50,30,"100,200","100,150"
06/01/2016 0:55,22,"100,200","100,150"
06/01/2016 1:00,35,"100,200","100,150"
06/01/2016 1:05,34,"100,200","100,150"
06/01/2016 1:10,33,"100,200","100,150"
06/01/2016 1:15,28,"100,200","100,150"
06/01/2016 1:20,22,"100,200","100,150"
06/01/2016 1:25,35,"100,200","100,150"
06/01/2016 1:30,22,"100,200","100,150"
06/01/2016 1:35,21,"100,200","100,150"
06/01/2016 1:40,33,"100,200","100,150"
06/01/2016 1:45,26,"100,200","100,150"
06/01/2016 1:50,23,"100,200","100,150"
06/01/2016 1:55,17,"100,200","100,150"
06/01/2016 2:00,25,"100,200","100,150"
06/01/2016 2:05,11,"100,200","100,150"
06/01/2016 2:10,21,"100,200","100,150"
06/01/2016 2:15,27,"100,200","100,150"
06/01/2016 2:20,25,"100,200","100,150"
06/01/2016 2:25,17,"100,200","100,150"
06/01/2016 2:30,25,"100,200","100,150"
06/01/2016 2:35,22,"100,200","100,150"
06/01/2016 2:40,19,"100,200","100,150"
06/01/2016 2:45,22,"100,200","100,150"
06/01/2016 2:50,15,"100,200","100,150"
06/01/2016 2:55,21,"100,200","100,150"
06/01/2016 3:00,18,"100,200","100,150"
06/01/2016 3:05,22,"100,200","100,150"
06/01/2016 3:10,21,"100,200","100,150"
06/01/2016 3:15,23,"100,200","100,150"
06/01/2016 3:20,24,"100,200","100,150"
06/01/2016 3:25,23,"100,200","100,150"
06/01/2016 3:30,15,"100,200","100,150"
06/01/2016 3:35,15,"100,200","100,150"
06/01/2016 3:40,17,"100,200","100,150"
06/01/2016 3:45,19,"100,200","100,150"
06/01/2016 3:50,20,"100,200","100,150"
06/01/2016 3:55,23,"100,200","100,150"
06/01/2016 4:00,20,"100,200","100,150"
06/01/2016 4:05,19,"100,200","100,150"
06/01/2016 4:10,24,"100,200","100,150"
06/01/2016 4:15,11,"100,200","100,150"
06/01/2016 4:20,18,"100,200","100,150"
06/01/2016 4:25,29,"100,200","100,150"
06/01/2016 4:30,12,"100,200","100,150"
06/01/2016 4:35,28,"100,200","100,150"
06/01/2016 4:40,26,"100,200","100,150"
06/01/2016 4:45,26,"100,200","100,150"
06/01/2016 4:50,23,"100,200","100,150"
06/01/2016 4:55,21,"100,200","100,150"
06/01/2016 5:00,20,"100,200","100,150"
06/01/2016 5:05,21,"100,200","100,150"
06/01/2016 5:10,17,"100,200","100,150"
06/01/2016 5:15,34,"100,200","100,150"
06/01/2016 5:20,22,"100,200","100,150"
06/01/2016 5:25,33,"100,200","100,150"
06/01/2016 5:30,34,"100,200","100,150"
06/01/2016 5:35,31,"100,200","100,150"
06/01/2016 5:40,31,"100,200","100,150"
06/01/2016 5:45,47,"100,200","100,150"
06/01/2016 5:50,31,"100,200","100,150"
06/01/2016 5:55,42,"100,200","100,150"
06/01/2016 6:00,50,"100,200","100,150"
06/01/2016 6:05,61,"100,200","100,150"
06/01/2016 6:10,62,"100,200","100,150"
06/01/2016 6:15,53,"100,200","100,150"
06/01/2016 6:20,49,"100,200","100,150"
06/01/2016 6:25,52,"100,200","100,150"
06/01/2016 6:30,55,"100,200","100,150"
06/01/2016 6:35,63,"100,200","100,150"
06/01/2016 6:40,47,"100,200","100,150"
06/01/2016 6:45,49,"100,200","100,150"
06/01/2016 6:50,46,"100,200","100,150"
06/01/2016 6:55,49,"100,200","100,150"
06/01/2016 7:00,64,"100,200","100,150"
06/01/2016 7:05,39,"100,200","100,150"
06/01/2016 7:10,55,"100,200","100,150"
06/01/2016 7:15,63,"100,200","100,150"
06/01/2016 7:20,79,"100,200","100,150"
06/01/2016 7:25,74,"100,200","100,150"
06/01/2016 7:30,86,"100,200","100,150"
06/01/2016 7:35,69,"100,200","100,150"
06/01/2016 7:40,74,"100,200","100,150"
06/01/2016 7:45,94,"100,200","100,150"
06/01/2016 7:50,87,"100,200","100,150"
06/01/2016 7:55,92,"100,200","100,150"
06/01/2016 8:00,87,"100,200","100,150"
06/01/2016 8:05,84,"100,200","100,150"
06/01/2016 8:10,89,"100,200","100,150"
06/01/2016 8:15,96,"100,200","100,150"
06/01/2016 8:20,113,"100,200","100,150"
06/01/2016 8:25,136,"100,200","100,150"
06/01/2016 8:30,108,"100,200","100,150"
06/01/2016 8:35,113,"100,200","100,150"
06/01/2016 8:40,116,"100,200","100,150"
06/01/2016 8:45,106,"100,200","100,150"
06/01/2016 8:50,125,"100,200","100,150"
06/01/2016 8:55,119,"100,200","100,150"
06/01/2016 9:00,119,"100,200","100,150"
06/01/2016 9:05,130,"100,200","100,150"
06/01/2016 9:10,139,"100,200","100,150"
06/01/2016 9:15,137,"100,200","100,150"
06/01/2016 9:20,134,"100,200","100,150"
06/01/2016 9:25,147,"100,200","100,150"
06/01/2016 9:30,151,"100,200","100,150"
06/01/2016 9:35,166,"100,200","100,150"
06/01/2016 9:40,168,"100,200","100,150"
06/01/2016 9:45,164,"100,200","100,150"
06/01/2016 9:50,144,"100,200","100,150"
06/01/2016 9:55,158,"100,200","100,150"
06/01/2016 10:00,150,"100,200","100,150"
06/01/2016 10:05,182,"100,200","100,150"
06/01/2016 10:10,149,"100,200","100,150"
06/01/2016 10:15,144,"100,200","100,150"
06/01/2016 10:20,157,"100,200","100,150"
06/01/2016 10:25,160,"100,200","100,150"
06/01/2016 10:30,182,"100,200","100,150"
06/01/2016 10:35,168,"100,200","100,150"
06/01/2016 10:40,162,"100,200","100,150"
06/01/2016 10:45,171,"100,200","100,150"
06/01/2016 10:50,158,"100,200","100,150"
06/01/2016 10:55,166,"100,200","100,150"
06/01/2016 11:00,177,"100,200","100,150"
06/01/2016 11:05,165,"100,200","100,150"
06/01/2016 11:10,183,"100,200","100,150"
06/01/2016 11:15,174,"100,200","100,150"
06/01/2016 11:20,174,"100,200","100,150"
06/01/2016 11:25,175,"100,200","100,150"
06/01/2016 11:30,169,"100,200","100,150"
06/01/2016 11:35,155,"100,200","100,150"
06/01/2016 11:40,171,"100,200","100,150"
06/01/2016 11:45,195,"100,200","100,150"
06/01/2016 11:50,184,"100,200","100,150"
06/01/2016 11:55,170,"100,200","100,150"
06/01/2016 12:00,170,"100,200","100,150"
06/01/2016 12:05,202,"100,200","100,150"
06/01/2016 12:10,175,"100,200","100,150"
06/01/2016 12:15,167,"100,200","100,150"
06/01/2016 12:20,194,"100,200","100,150"
06/01/2016 12:25,171,"100,200","100,150"
06/01/2016 12:30,185,"100,200","100,150"
06/01/2016 12:35,193,"100,200","100,150"
06/01/2016 12:40,170,"100,200","100,150"
06/01/2016 12:45,193,"100,200","100,150"
06/01/2016 12:50,169,"100,200","100,150"
06/01/2016 12:55,179,"100,200","100,150"
06/01/2016 13:00,157,"100,200","100,150"
06/01/2016 13:05,192,"100,200","100,150"
06/01/2016 13:10,178,"100,200","100,150"
06/01/2016 13:15,187,"100,200","100,150"
06/01/2016 13:20,155,"100,200","100,150"
06/01/2016 13:25,163,"100,200","100,150"
06/01/2016 13:30,169,"100,200","100,150"
06/01/2016 13:35,172,"100,200","100,150"
06/01/2016 13:40,161,"100,200","100,150"
06/01/2016 13:45,172,"100,200","100,150"
06/01/2016 13:50,175,"100,200","100,150"
06/01/2016 13:55,167,"100,200","100,150"
06/01/2016 14:00,176,"100,200","100,150"
06/01/2016 14:05,190,"100,200","100,150"
06/01/2016 14:10,187,"100,200","100,150"
06/01/2016 14:15,168,"100,200","100,150"
06/01/2016 14:20,189,"100,200","100,150"
06/01/2016 14:25,182,"100,200","100,150"
06/01/2016 14:30,199,"100,200","100,150"
06/01/2016 14:35,175,"100,200","100,150"
06/01/2016 14:40,176,"100,200","100,150"
06/01/2016 14:45,214,"100,200","100,150"
06/01/2016 14:50,182,"100,200","100,150"
06/01/2016 14:55,185,"100,200","100,150"
06/01/2016 15:00,169,"100,200","100,150"
06/01/2016 15:05,175,"100,200","100,150"
06/01/2016 15:10,202,"100,200","100,150"
06/01/2016 15:15,178,"100,200","100,150"
06/01/2016 15:20,196,"100,200","100,150"
06/01/2016 15:25,193,"100,200","100,150"
06/01/2016 15:30,191,"100,200","100,150"
06/01/2016 15:35,183,"100,200","100,150"
06/01/2016 15:40,190,"100,200","100,150"
06/01/2016 15:45,201,"100,200","100,150"
06/01/2016 15:50,193,"100,200","100,150"
06/01/2016 15:55,173,"100,200","100,150"
06/01/2016 16:00,198,"100,200","100,150"
06/01/2016 16:05,167,"100,200","100,150"
06/01/2016 16:10,189,"100,200","100,150"
06/01/2016 16:15,210,"100,200","100,150"
06/01/2016 16:20,158,"100,200","100,150"
06/01/2016 16:25,177,"100,200","100,150"
06/01/2016 16:30,199,"100,200","100,150"
06/01/2016 16:35,201,"100,200","100,150"
06/01/2016 16:40,195,"100,200","100,150"
06/01/2016 16:45,187,"100,200","100,150"
06/01/2016 16:50,184,"100,200","100,150"
06/01/2016 16:55,181,"100,200","100,150"
06/01/2016 17:00,168,"100,200","100,150"
06/01/2016 17:05,178,"100,200","100,150"
06/01/2016 17:10,178,"100,200","100,150"
06/01/2016 17:15,204,"100,200","100,150"
06/01/2016 17:20,185,"100,200","100,150"
06/01/2016 17:25,169,"100,200","100,150"
06/01/2016 17:30,150,"100,200","100,150"
06/01/2016 17:35,190,"100,200","100,150"
06/01/2016 17:40,177,"100,200","100,150"
06/01/2016 17:45,190,"100,200","100,150"
06/01/2016 17:50,196,"100,200","100,150"
06/01/2016 17:55,168,"100,200","100,150"
06/01/2016 18:00,163,"100,200","100,150"
06/01/2016 18:05,180,"100,200","100,150"
06/01/2016 18:10,191,"100,200","100,150"
06/01/2016 18:15,186,"100,200","100,150"
06/01/2016 18:20,187,"100,200","100,150"
06/01/2016 18:25,168,"100,200","100,150"
06/01/2016 18:30,176,"100,200","100,150"
06/01/2016 18:35,165,"100,200","100,150"
06/01/2016 18:40,125,"100,200","100,150"
06/01/2016 18:45,171,"100,200","100,150"
06/01/2016 18:50,153,"100,200","100,150"
06/01/2016 18:55,137,"100,200","100,150"
06/01/2016 19:00,142,"100,200","100,150"
06/01/2016 19:05,146,"100,200","100,150"
06/01/2016 19:10,149,"100,200","100,150"
06/01/2016 19:15,145,"100,200","100,150"
06/01/2016 19:20,145,"100,200","100,150"
06/01/2016 19:25,139,"100,200","100,150"
06/01/2016 19:30,121,"100,200","100,150"
06/01/2016 19:35,160,"100,200","100,150"
06/01/2016 19:40,144,"100,200","100,150"
06/01/2016 19:45,126,"100,200","100,150"
06/01/2016 19:50,141,"100,200","100,150"
06/01/2016 19:55,131,"100,200","100,150"
06/01/2016 20:00,146,"100,200","100,150"
06/01/2016 20:05,128,"100,200","100,150"
06/01/2016 20:10,164,"100,200","100,150"
06/01/2016 20:15,126,"100,200","100,150"
06/01/2016 20:20,121,"100,200","100,150"
06/01/2016 20:25,137,"100,200","100,150"
06/01/2016 20:30,130,"100,200","100,150"
06/01/2016 20:35,134,"100,200","100,150"
06/01/2016 20:40,127,"100,200","100,150"
06/01/2016 20:45,117,"100,200","100,150"
06/01/2016 20:50,119,"100,200","100,150"
06/01/2016 20:55,96,"100,200","100,150"
06/01/2016 21:00,93,"100,200","100,150"
06/01/2016 21:05,105,"100,200","100,150"
06/01/2016 21:10,128,"100,200","100,150"
06/01/2016 21:15,116,"100,200","100,150"
06/01/2016 21:20,112,"100,200","100,150"
06/01/2016 21:25,98,"100,200","100,150"
06/01/2016 21:30,115,"100,200","100,150"
06/01/2016 21:35,94,"100,200","100,150"
06/01/2016 21:40,82,"100,200","100,150"
06/01/2016 21:45,84,"100,200","100,150"
06/01/2016 21:50,90,"100,200","100,150"
06/01/2016 21:55,62,"100,200","100,150"
06/01/2016 22:00,61,"100,200","100,150"
06/01/2016 22:05,76,"100,200","100,150"
06/01/2016 22:10,69,"100,200","100,150"
06/01/2016 22:15,68,"100,200","100,150"
06/01/2016 22:20,65,"100,200","100,150"
06/01/2016 22:25,57,"100,200","100,150"
06/01/2016 22:30,49,"100,200","100,150"
06/01/2016 22:35,54,"100,200","100,150"
06/01/2016 22:40,58,"100,200","100,150"
06/01/2016 22:45,36,"100,200","100,150"
06/01/2016 22:50,33,"100,200","100,150"
06/01/2016 22:55,40,"100,200","100,150"
06/01/2016 23:00,39,"100,200","100,150"
06/01/2016 23:05,34,"100,200","100,150"
06/01/2016 23:10,36,"100,200","100,150"
06/01/2016 23:15,27,"100,200","100,150"
06/01/2016 23:20,32,"100,200","100,150"
06/01/2016 23:25,40,"100,200","100,150"
06/01/2016 23:30,30,"100,200","100,150"
06/01/2016 23:35,23,"100,200","100,150"
06/01/2016 23:40,33,"100,200","100,150"
06/01/2016 23:45,32,"100,200","100,150"
06/01/2016 23:50,23,"100,200","100,150"
06/01/2016 23:55,22,"100,200","100,150"
07/01/2016 0:00,13,"0,150","250,420"
07/01/2016 0:05,16,"0,150","250,420"
07/01/2016 0:10,11,"0,150","250,420"
07/01/2016 0:15,30,"0,150","250,420"
07/01/2016 0:20,22,"0,150","250,420"
07/01/2016 0:25,25,"0,150","250,420"
07/01/2016 0:30,24,"0,150","250,420"
07/01/2016 0:35,14,"0,150","250,420"
07/01/2016 0:40,15,"0,150","250,420"
07/01/2016 0:45,25,"0,150","250,420"
07/01/2016 0:50,18,"0,150","250,420"
07/01/2016 0:55,23,"0,150","250,420"
07/01/2016 1:00,17,"0,150","250,420"
07/01/2016 1:05,13,"0,150","250,420"
07/01/2016 1:10,10,"0,150","250,420"
07/01/2016 1:15,18,"0,150","250,420"
07/01/2016 1:20,12,"0,150","250,420"
07/01/2016 1:25,13,"0,150","250,420"
07/01/2016 1:30,12,"0,150","250,420"
07/01/2016 1:35,13,"0,150","250,420"
07/01/2016 1:40,9,"0,150","250,420"
07/01/2016 1:45,7,"0,150","250,420"
07/01/2016 1:50,9,"0,150","250,420"
07/01/2016 1:55,11,"0,150","250,420"
07/01/2016 2:00,15,"0,150","250,420"
07/01/2016 2:05,8,"0,150","250,420"
07/01/2016 2:10,16,"0,150","250,420"
07/01/2016 2:15,21,"0,150","250,420"
07/01/2016 2:20,15,"0,150","250,420"
07/01/2016 2:25,13,"0,150","250,420"
07/01/2016 2:30,20,"0,150","250,420"
07/01/2016 2:35,26,"0,150","250,420"
07/01/2016 2:40,17,"0,150","250,420"
07/01/2016 2:45,21,"0,150","250,420"
07/01/2016 2:50,15,"0,150","250,420"
07/01/2016 2:55,22,"0,150","250,420"
07/01/2016 3:00,21,"0,150","250,420"
07/01/2016 3:05,27,"0,150","250,420"
07/01/2016 3:10,19,"0,150","250,420"
07/01/2016 3:15,28,"0,150","250,420"
07/01/2016 3:20,32,"0,150","250,420"
07/01/2016 3:25,25,"0,150","250,420"
07/01/2016 3:30,32,"0,150","250,420"
07/01/2016 3:35,38,"0,150","250,420"
07/01/2016 3:40,30,"0,150","250,420"
07/01/2016 3:45,35,"0,150","250,420"
07/01/2016 3:50,37,"0,150","250,420"
07/01/2016 3:55,41,"0,150","250,420"
07/01/2016 4:00,34,"0,150","250,420"
07/01/2016 4:05,41,"0,150","250,420"
07/01/2016 4:10,31,"0,150","250,420"
07/01/2016 4:15,49,"0,150","250,420"
07/01/2016 4:20,36,"0,150","250,420"
07/01/2016 4:25,57,"0,150","250,420"
07/01/2016 4:30,57,"0,150","250,420"
07/01/2016 4:35,63,"0,150","250,420"
07/01/2016 4:40,59,"0,150","250,420"
07/01/2016 4:45,60,"0,150","250,420"
07/01/2016 4:50,73,"0,150","250,420"
07/01/2016 4:55,72,"0,150","250,420"
07/01/2016 5:00,66,"0,150","250,420"
07/01/2016 5:05,93,"0,150","250,420"
07/01/2016 5:10,97,"0,150","250,420"
07/01/2016 5:15,90,"0,150","250,420"
07/01/2016 5:20,107,"0,150","250,420"
07/01/2016 5:25,122,"0,150","250,420"
07/01/2016 5:30,129,"0,150","250,420"
07/01/2016 5:35,127,"0,150","250,420"
07/01/2016 5:40,151,"0,150","250,420"
07/01/2016 5:45,137,"0,150","250,420"
07/01/2016 5:50,141,"0,150","250,420"
07/01/2016 5:55,132,"0,150","250,420"
07/01/2016 6:00,200,"0,150","250,420"
07/01/2016 6:05,213,"0,150","250,420"
07/01/2016 6:10,246,"0,150","250,420"
07/01/2016 6:15,280,"0,150","250,420"
07/01/2016 6:20,272,"0,150","250,420"
07/01/2016 6:25,300,"0,150","250,420"
07/01/2016 6:30,327,"0,150","250,420"
07/01/2016 6:35,313,"0,150","250,420"
07/01/2016 6:40,323,"0,150","250,420"
07/01/2016 6:45,291,"0,150","250,420"
07/01/2016 6:50,272,"0,150","250,420"
07/01/2016 6:55,284,"0,150","250,420"
07/01/2016 7:00,306,"0,150","250,420"
07/01/2016 7:05,274,"0,150","250,420"
07/01/2016 7:10,282,"0,150","250,420"
07/01/2016 7:15,285,"0,150","250,420"
07/01/2016 7:20,266,"0,150","250,420"
07/01/2016 7:25,293,"0,150","250,420"
07/01/2016 7:30,274,"0,150","250,420"
07/01/2016 7:35,281,"0,150","250,420"
07/01/2016 7:40,270,"0,150","250,420"
07/01/2016 7:45,257,"0,150","250,420"
07/01/2016 7:50,275,"0,150","250,420"
07/01/2016 7:55,257,"0,150","250,420"
07/01/2016 8:00,249,"0,150","250,420"
07/01/2016 8:05,276,"0,150","250,420"
07/01/2016 8:10,256,"0,150","250,420"
07/01/2016 8:15,279,"0,150","250,420"
07/01/2016 8:20,281,"0,150","250,420"
07/01/2016 8:25,268,"0,150","250,420"
07/01/2016 8:30,224,"0,150","250,420"
07/01/2016 8:35,113,"0,150","250,420"
07/01/2016 8:40,111,"0,150","250,420"
07/01/2016 8:45,117,"0,150","250,420"
07/01/2016 8:50,121,"0,150","250,420"
07/01/2016 8:55,211,"0,150","250,420"
07/01/2016 9:00,242,"0,150","250,420"
07/01/2016 9:05,232,"0,150","250,420"
07/01/2016 9:10,254,"0,150","250,420"
07/01/2016 9:15,253,"0,150","250,420"
07/01/2016 9:20,206,"0,150","250,420"
07/01/2016 9:25,206,"0,150","250,420"
07/01/2016 9:30,214,"0,150","250,420"
07/01/2016 9:35,197,"0,150","250,420"
07/01/2016 9:40,203,"0,150","250,420"
07/01/2016 9:45,199,"0,150","250,420"
07/01/2016 9:50,198,"0,150","250,420"
07/01/2016 9:55,190,"0,150","250,420"
07/01/2016 10:00,149,"0,150","250,420"
07/01/2016 10:05,172,"0,150","250,420"
07/01/2016 10:10,164,"0,150","250,420"
07/01/2016 10:15,161,"0,150","250,420"
07/01/2016 10:20,174,"0,150","250,420"
07/01/2016 10:25,152,"0,150","250,420"
07/01/2016 10:30,184,"0,150","250,420"
07/01/2016 10:35,153,"0,150","250,420"
07/01/2016 10:40,162,"0,150","250,420"
07/01/2016 10:45,160,"0,150","250,420"
07/01/2016 10:50,145,"0,150","250,420"
07/01/2016 10:55,143,"0,150","250,420"
07/01/2016 11:00,155,"0,150","250,420"
07/01/2016 11:05,153,"0,150","250,420"
07/01/2016 11:10,142,"0,150","250,420"
07/01/2016 11:15,146,"0,150","250,420"
07/01/2016 11:20,150,"0,150","250,420"
07/01/2016 11:25,150,"0,150","250,420"
07/01/2016 11:30,160,"0,150","250,420"
07/01/2016 11:35,157,"0,150","250,420"
07/01/2016 11:40,140,"0,150","250,420"
07/01/2016 11:45,145,"0,150","250,420"
07/01/2016 11:50,137,"0,150","250,420"
07/01/2016 11:55,149,"0,150","250,420"
07/01/2016 12:00,149,"0,150","250,420"
07/01/2016 12:05,148,"0,150","250,420"
07/01/2016 12:10,152,"0,150","250,420"
07/01/2016 12:15,151,"0,150","250,420"
07/01/2016 12:20,169,"0,150","250,420"
07/01/2016 12:25,164,"0,150","250,420"
07/01/2016 12:30,151,"0,150","250,420"
07/01/2016 12:35,163,"0,150","250,420"
07/01/2016 12:40,162,"0,150","250,420"
07/01/2016 12:45,153,"0,150","250,420"
07/01/2016 12:50,165,"0,150","250,420"
07/01/2016 12:55,159,"0,150","250,420"
07/01/2016 13:00,144,"0,150","250,420"
07/01/2016 13:05,148,"0,150","250,420"
07/01/2016 13:10,156,"0,150","250,420"
07/01/2016 13:15,159,"0,150","250,420"
07/01/2016 13:20,163,"0,150","250,420"
07/01/2016 13:25,158,"0,150","250,420"
07/01/2016 13:30,157,"0,150","250,420"
07/01/2016 13:35,158,"0,150","250,420"
07/01/2016 13:40,156,"0,150","250,420"
07/01/2016 13:45,167,"0,150","250,420"
07/01/2016 13:50,145,"0,150","250,420"
07/01/2016 13:55,152,"0,150","250,420"
07/01/2016 14:00,157,"0,150","250,420"
07/01/2016 14:05,145,"0,150","250,420"
07/01/2016 14:10,161,"0,150","250,420"
07/01/2016 14:15,175,"0,150","250,420"
07/01/2016 14:20,174,"0,150","250,420"
07/01/2016 14:25,173,"0,150","250,420"
07/01/2016 14:30,166,"0,150","250,420"
07/01/2016 14:35,184,"0,150","250,420"
07/01/2016 14:40,171,"0,150","250,420"
07/01/2016 14:45,195,"0,150","250,420"
07/01/2016 14:50,195,"0,150","250,420"
07/01/2016 14:55,175,"0,150","250,420"
07/01/2016 15:00,190,"0,150","250,420"
07/01/2016 15:05,198,"0,150","250,420"
07/01/2016 15:10,202,"0,150","250,420"
07/01/2016 15:15,234,"0,150","250,420"
07/01/2016 15:20,207,"0,150","250,420"
07/01/2016 15:25,199,"0,150","250,420"
07/01/2016 15:30,214,"0,150","250,420"
07/01/2016 15:35,205,"0,150","250,420"
07/01/2016 15:40,225,"0,150","250,420"
07/01/2016 15:45,233,"0,150","250,420"
07/01/2016 15:50,233,"0,150","250,420"
07/01/2016 15:55,194,"0,150","250,420"
07/01/2016 16:00,186,"0,150","250,420"
07/01/2016 16:05,194,"0,150","250,420"
07/01/2016 16:10,199,"0,150","250,420"
07/01/2016 16:15,218,"0,150","250,420"
07/01/2016 16:20,203,"0,150","250,420"
07/01/2016 16:25,198,"0,150","250,420"
07/01/2016 16:30,204,"0,150","250,420"
07/01/2016 16:35,196,"0,150","250,420"
07/01/2016 16:40,210,"0,150","250,420"
07/01/2016 16:45,211,"0,150","250,420"
07/01/2016 16:50,191,"0,150","250,420"
07/01/2016 16:55,178,"0,150","250,420"
07/01/2016 17:00,177,"0,150","250,420"
07/01/2016 17:05,180,"0,150","250,420"
07/01/2016 17:10,201,"0,150","250,420"
07/01/2016 17:15,205,"0,150","250,420"
07/01/2016 17:20,226,"0,150","250,420"
07/01/2016 17:25,210,"0,150","250,420"
07/01/2016 17:30,212,"0,150","250,420"
07/01/2016 17:35,203,"0,150","250,420"
07/01/2016 17:40,181,"0,150","250,420"
07/01/2016 17:45,184,"0,150","250,420"
07/01/2016 17:50,195,"0,150","250,420"
07/01/2016 17:55,179,"0,150","250,420"
07/01/2016 18:00,167,"0,150","250,420"
07/01/2016 18:05,173,"0,150","250,420"
07/01/2016 18:10,191,"0,150","250,420"
07/01/2016 18:15,205,"0,150","250,420"
07/01/2016 18:20,180,"0,150","250,420"
07/01/2016 18:25,162,"0,150","250,420"
07/01/2016 18:30,132,"0,150","250,420"
07/01/2016 18:35,138,"0,150","250,420"
07/01/2016 18:40,148,"0,150","250,420"
07/01/2016 18:45,144,"0,150","250,420"
07/01/2016 18:50,140,"0,150","250,420"
07/01/2016 18:55,122,"0,150","250,420"
07/01/2016 19:00,124,"0,150","250,420"
07/01/2016 19:05,93,"0,150","250,420"
07/01/2016 19:10,114,"0,150","250,420"
07/01/2016 19:15,130,"0,150","250,420"
07/01/2016 19:20,107,"0,150","250,420"
07/01/2016 19:25,115,"0,150","250,420"
07/01/2016 19:30,102,"0,150","250,420"
07/01/2016 19:35,87,"0,150","250,420"
07/01/2016 19:40,107,"0,150","250,420"
07/01/2016 19:45,111,"0,150","250,420"
07/01/2016 19:50,103,"0,150","250,420"
07/01/2016 19:55,94,"0,150","250,420"
07/01/2016 20:00,89,"0,150","250,420"
07/01/2016 20:05,87,"0,150","250,420"
07/01/2016 20:10,83,"0,150","250,420"
07/01/2016 20:15,96,"0,150","250,420"
07/01/2016 20:20,88,"0,150","250,420"
07/01/2016 20:25,89,"0,150","250,420"
07/01/2016 20:30,100,"0,150","250,420"
07/01/2016 20:35,79,"0,150","250,420"
07/01/2016 20:40,99,"0,150","250,420"
07/01/2016 20:45,83,"0,150","250,420"
07/01/2016 20:50,78,"0,150","250,420"
07/01/2016 20:55,94,"0,150","250,420"
07/01/2016 21:00,100,"0,150","250,420"
07/01/2016 21:05,76,"0,150","250,420"
07/01/2016 21:10,86,"0,150","250,420"
07/01/2016 21:15,87,"0,150","250,420"
07/01/2016 21:20,88,"0,150","250,420"
07/01/2016 21:25,63,"0,150","250,420"
07/01/2016 21:30,80,"0,150","250,420"
07/01/2016 21:35,68,"0,150","250,420"
07/01/2016 21:40,70,"0,150","250,420"
07/01/2016 21:45,73,"0,150","250,420"
07/01/2016 21:50,73,"0,150","250,420"
07/01/2016 21:55,56,"0,150","250,420"
07/01/2016 22:00,68,"0,150","250,420"
07/01/2016 22:05,72,"0,150","250,420"
07/01/2016 22:10,69,"0,150","250,420"
07/01/2016 22:15,73,"0,150","250,420"
07/01/2016 22:20,49,"0,150","250,420"
07/01/2016 22:25,45,"0,150","250,420"
07/01/2016 22:30,44,"0,150","250,420"
07/01/2016 22:35,51,"0,150","250,420"
07/01/2016 22:40,43,"0,150","250,420"
07/01/2016 22:45,35,"0,150","250,420"
07/01/2016 22:50,36,"0,150","250,420"
07/01/2016 22:55,36,"0,150","250,420"
07/01/2016 23:00,36,"0,150","250,420"
07/01/2016 23:05,28,"0,150","250,420"
07/01/2016 23:10,33,"0,150","250,420"
07/01/2016 23:15,32,"0,150","250,420"
07/01/2016 23:20,31,"0,150","250,420"
07/01/2016 23:25,28,"0,150","250,420"
07/01/2016 23:30,25,"0,150","250,420"
07/01/2016 23:35,32,"0,150","250,420"
07/01/2016 23:40,20,"0,150","250,420"
07/01/2016 23:45,17,"0,150","250,420"
07/01/2016 23:50,26,"0,150","250,420"
07/01/2016 23:55,22,"0,150","250,420"
08/01/2016 0:00,14,"0,150","250,420"
08/01/2016 0:05,13,"0,150","250,420"
08/01/2016 0:10,11,"0,150","250,420"
08/01/2016 0:15,24,"0,150","250,420"
08/01/2016 0:20,26,"0,150","250,420"
08/01/2016 0:25,20,"0,150","250,420"
08/01/2016 0:30,30,"0,150","250,420"
08/01/2016 0:35,21,"0,150","250,420"
08/01/2016 0:40,32,"0,150","250,420"
08/01/2016 0:45,11,"0,150","250,420"
08/01/2016 0:50,16,"0,150","250,420"
08/01/2016 0:55,15,"0,150","250,420"
08/01/2016 1:00,14,"0,150","250,420"
08/01/2016 1:05,7,"0,150","250,420"
08/01/2016 1:10,9,"0,150","250,420"
08/01/2016 1:15,11,"0,150","250,420"
08/01/2016 1:20,12,"0,150","250,420"
08/01/2016 1:25,12,"0,150","250,420"
08/01/2016 1:30,13,"0,150","250,420"
08/01/2016 1:35,7,"0,150","250,420"
08/01/2016 1:40,16,"0,150","250,420"
08/01/2016 1:45,6,"0,150","250,420"
08/01/2016 1:50,8,"0,150","250,420"
08/01/2016 1:55,14,"0,150","250,420"
08/01/2016 2:00,11,"0,150","250,420"
08/01/2016 2:05,16,"0,150","250,420"
08/01/2016 2:10,12,"0,150","250,420"
08/01/2016 2:15,12,"0,150","250,420"
08/01/2016 2:20,17,"0,150","250,420"
08/01/2016 2:25,16,"0,150","250,420"
08/01/2016 2:30,17,"0,150","250,420"
08/01/2016 2:35,14,"0,150","250,420"
08/01/2016 2:40,15,"0,150","250,420"
08/01/2016 2:45,11,"0,150","250,420"
08/01/2016 2:50,11,"0,150","250,420"
08/01/2016 2:55,13,"0,150","250,420"
08/01/2016 3:00,19,"0,150","250,420"
08/01/2016 3:05,17,"0,150","250,420"
08/01/2016 3:10,20,"0,150","250,420"
08/01/2016 3:15,14,"0,150","250,420"
08/01/2016 3:20,14,"0,150","250,420"
08/01/2016 3:25,17,"0,150","250,420"
08/01/2016 3:30,23,"0,150","250,420"
08/01/2016 3:35,24,"0,150","250,420"
08/01/2016 3:40,20,"0,150","250,420"
08/01/2016 3:45,32,"0,150","250,420"
08/01/2016 3:50,32,"0,150","250,420"
08/01/2016 3:55,25,"0,150","250,420"
08/01/2016 4:00,32,"0,150","250,420"
08/01/2016 4:05,27,"0,150","250,420"
08/01/2016 4:10,30,"0,150","250,420"
08/01/2016 4:15,47,"0,150","250,420"
08/01/2016 4:20,36,"0,150","250,420"
08/01/2016 4:25,47,"0,150","250,420"
08/01/2016 4:30,59,"0,150","250,420"
08/01/2016 4:35,51,"0,150","250,420"
08/01/2016 4:40,62,"0,150","250,420"
08/01/2016 4:45,57,"0,150","250,420"
08/01/2016 4:50,62,"0,150","250,420"
08/01/2016 4:55,58,"0,150","250,420"
08/01/2016 5:00,58,"0,150","250,420"
08/01/2016 5:05,72,"0,150","250,420"
08/01/2016 5:10,77,"0,150","250,420"
08/01/2016 5:15,89,"0,150","250,420"
08/01/2016 5:20,113,"0,150","250,420"
08/01/2016 5:25,125,"0,150","250,420"
08/01/2016 5:30,127,"0,150","250,420"
08/01/2016 5:35,130,"0,150","250,420"
08/01/2016 5:40,124,"0,150","250,420"
08/01/2016 5:45,150,"0,150","250,420"
08/01/2016 5:50,148,"0,150","250,420"
08/01/2016 5:55,147,"0,150","250,420"
08/01/2016 6:00,199,"0,150","250,420"
08/01/2016 6:05,209,"0,150","250,420"
08/01/2016 6:10,219,"0,150","250,420"
08/01/2016 6:15,243,"0,150","250,420"
08/01/2016 6:20,286,"0,150","250,420"
08/01/2016 6:25,304,"0,150","250,420"
08/01/2016 6:30,298,"0,150","250,420"
08/01/2016 6:35,314,"0,150","250,420"
08/01/2016 6:40,316,"0,150","250,420"
08/01/2016 6:45,309,"0,150","250,420"
08/01/2016 6:50,316,"0,150","250,420"
08/01/2016 6:55,294,"0,150","250,420"
08/01/2016 7:00,290,"0,150","250,420"
08/01/2016 7:05,263,"0,150","250,420"
08/01/2016 7:10,290,"0,150","250,420"
08/01/2016 7:15,258,"0,150","250,420"
08/01/2016 7:20,262,"0,150","250,420"
08/01/2016 7:25,295,"0,150","250,420"
08/01/2016 7:30,268,"0,150","250,420"
08/01/2016 7:35,223,"0,150","250,420"
08/01/2016 7:40,196,"0,150","250,420"
08/01/2016 7:45,206,"0,150","250,420"
08/01/2016 7:50,241,"0,150","250,420"
08/01/2016 7:55,200,"0,150","250,420"
08/01/2016 8:00,213,"0,150","250,420"
08/01/2016 8:05,197,"0,150","250,420"
08/01/2016 8:10,221,"0,150","250,420"
08/01/2016 8:15,217,"0,150","250,420"
08/01/2016 8:20,269,"0,150","250,420"
08/01/2016 8:25,263,"0,150","250,420"
08/01/2016 8:30,252,"0,150","250,420"
08/01/2016 8:35,261,"0,150","250,420"
08/01/2016 8:40,263,"0,150","250,420"
08/01/2016 8:45,246,"0,150","250,420"
08/01/2016 8:50,246,"0,150","250,420"
08/01/2016 8:55,227,"0,150","250,420"
08/01/2016 9:00,249,"0,150","250,420"
08/01/2016 9:05,219,"0,150","250,420"
08/01/2016 9:10,251,"0,150","250,420"
08/01/2016 9:15,248,"0,150","250,420"
08/01/2016 9:20,218,"0,150","250,420"
08/01/2016 9:25,188,"0,150","250,420"
08/01/2016 9:30,201,"0,150","250,420"
08/01/2016 9:35,165,"0,150","250,420"
08/01/2016 9:40,202,"0,150","250,420"
08/01/2016 9:45,193,"0,150","250,420"
08/01/2016 9:50,187,"0,150","250,420"
08/01/2016 9:55,181,"0,150","250,420"
08/01/2016 10:00,176,"0,150","250,420"
08/01/2016 10:05,156,"0,150","250,420"
08/01/2016 10:10,145,"0,150","250,420"
08/01/2016 10:15,144,"0,150","250,420"
08/01/2016 10:20,90,"0,150","250,420"
08/01/2016 10:25,156,"0,150","250,420"
08/01/2016 10:30,165,"0,150","250,420"
08/01/2016 10:35,161,"0,150","250,420"
08/01/2016 10:40,154,"0,150","250,420"
08/01/2016 10:45,173,"0,150","250,420"
08/01/2016 10:50,177,"0,150","250,420"
08/01/2016 10:55,140,"0,150","250,420"
08/01/2016 11:00,150,"0,150","250,420"
08/01/2016 11:05,130,"0,150","250,420"
08/01/2016 11:10,162,"0,150","250,420"
08/01/2016 11:15,134,"0,150","250,420"
08/01/2016 11:20,174,"0,150","250,420"
08/01/2016 11:25,153,"0,150","250,420"
08/01/2016 11:30,157,"0,150","250,420"
08/01/2016 11:35,142,"0,150","250,420"
08/01/2016 11:40,141,"0,150","250,420"
08/01/2016 11:45,144,"0,150","250,420"
08/01/2016 11:50,165,"0,150","250,420"
08/01/2016 11:55,149,"0,150","250,420"
08/01/2016 12:00,159,"0,150","250,420"
08/01/2016 12:05,128,"0,150","250,420"
08/01/2016 12:10,144,"0,150","250,420"
08/01/2016 12:15,161,"0,150","250,420"
08/01/2016 12:20,167,"0,150","250,420"
08/01/2016 12:25,156,"0,150","250,420"
08/01/2016 12:30,159,"0,150","250,420"
08/01/2016 12:35,167,"0,150","250,420"
08/01/2016 12:40,148,"0,150","250,420"
08/01/2016 12:45,153,"0,150","250,420"
08/01/2016 12:50,146,"0,150","250,420"
08/01/2016 12:55,153,"0,150","250,420"
08/01/2016 13:00,151,"0,150","250,420"
08/01/2016 13:05,152,"0,150","250,420"
08/01/2016 13:10,147,"0,150","250,420"
08/01/2016 13:15,171,"0,150","250,420"
08/01/2016 13:20,146,"0,150","250,420"
08/01/2016 13:25,166,"0,150","250,420"
08/01/2016 13:30,159,"0,150","250,420"
08/01/2016 13:35,163,"0,150","250,420"
08/01/2016 13:40,154,"0,150","250,420"
08/01/2016 13:45,174,"0,150","250,420"
08/01/2016 13:50,165,"0,150","250,420"
08/01/2016 13:55,140,"0,150","250,420"
08/01/2016 14:00,160,"0,150","250,420"
08/01/2016 14:05,164,"0,150","250,420"
08/01/2016 14:10,159,"0,150","250,420"
08/01/2016 14:15,174,"0,150","250,420"
08/01/2016 14:20,156,"0,150","250,420"
08/01/2016 14:25,179,"0,150","250,420"
08/01/2016 14:30,158,"0,150","250,420"
08/01/2016 14:35,191,"0,150","250,420"
08/01/2016 14:40,174,"0,150","250,420"
08/01/2016 14:45,198,"0,150","250,420"
08/01/2016 14:50,201,"0,150","250,420"
08/01/2016 14:55,176,"0,150","250,420"
08/01/2016 15:00,209,"0,150","250,420"
08/01/2016 15:05,191,"0,150","250,420"
08/01/2016 15:10,225,"0,150","250,420"
08/01/2016 15:15,203,"0,150","250,420"
08/01/2016 15:20,212,"0,150","250,420"
08/01/2016 15:25,219,"0,150","250,420"
08/01/2016 15:30,191,"0,150","250,420"
08/01/2016 15:35,209,"0,150","250,420"
08/01/2016 15:40,220,"0,150","250,420"
08/01/2016 15:45,219,"0,150","250,420"
08/01/2016 15:50,216,"0,150","250,420"
08/01/2016 15:55,197,"0,150","250,420"
08/01/2016 16:00,201,"0,150","250,420"
08/01/2016 16:05,192,"0,150","250,420"
08/01/2016 16:10,230,"0,150","250,420"
08/01/2016 16:15,221,"0,150","250,420"
08/01/2016 16:20,234,"0,150","250,420"
08/01/2016 16:25,218,"0,150","250,420"
08/01/2016 16:30,180,"0,150","250,420"
08/01/2016 16:35,193,"0,150","250,420"
08/01/2016 16:40,211,"0,150","250,420"
08/01/2016 16:45,242,"0,150","250,420"
08/01/2016 16:50,182,"0,150","250,420"
08/01/2016 16:55,176,"0,150","250,420"
08/01/2016 17:00,171,"0,150","250,420"
08/01/2016 17:05,221,"0,150","250,420"
08/01/2016 17:10,197,"0,150","250,420"
08/01/2016 17:15,205,"0,150","250,420"
08/01/2016 17:20,226,"0,150","250,420"
08/01/2016 17:25,215,"0,150","250,420"
08/01/2016 17:30,201,"0,150","250,420"
08/01/2016 17:35,213,"0,150","250,420"
08/01/2016 17:40,179,"0,150","250,420"
08/01/2016 17:45,184,"0,150","250,420"
08/01/2016 17:50,172,"0,150","250,420"
08/01/2016 17:55,180,"0,150","250,420"
08/01/2016 18:00,145,"0,150","250,420"
08/01/2016 18:05,171,"0,150","250,420"
08/01/2016 18:10,181,"0,150","250,420"
08/01/2016 18:15,171,"0,150","250,420"
08/01/2016 18:20,161,"0,150","250,420"
08/01/2016 18:25,144,"0,150","250,420"
08/01/2016 18:30,151,"0,150","250,420"
08/01/2016 18:35,140,"0,150","250,420"
08/01/2016 18:40,143,"0,150","250,420"
08/01/2016 18:45,122,"0,150","250,420"
08/01/2016 18:50,125,"0,150","250,420"
08/01/2016 18:55,133,"0,150","250,420"
08/01/2016 19:00,101,"0,150","250,420"
08/01/2016 19:05,131,"0,150","250,420"
08/01/2016 19:10,118,"0,150","250,420"
08/01/2016 19:15,120,"0,150","250,420"
08/01/2016 19:20,124,"0,150","250,420"
08/01/2016 19:25,95,"0,150","250,420"
08/01/2016 19:30,109,"0,150","250,420"
08/01/2016 19:35,88,"0,150","250,420"
08/01/2016 19:40,101,"0,150","250,420"
08/01/2016 19:45,94,"0,150","250,420"
08/01/2016 19:50,99,"0,150","250,420"
08/01/2016 19:55,108,"0,150","250,420"
08/01/2016 20:00,105,"0,150","250,420"
08/01/2016 20:05,107,"0,150","250,420"
08/01/2016 20:10,99,"0,150","250,420"
08/01/2016 20:15,83,"0,150","250,420"
08/01/2016 20:20,91,"0,150","250,420"
08/01/2016 20:25,86,"0,150","250,420"
08/01/2016 20:30,84,"0,150","250,420"
08/01/2016 20:35,91,"0,150","250,420"
08/01/2016 20:40,95,"0,150","250,420"
08/01/2016 20:45,100,"0,150","250,420"
08/01/2016 20:50,88,"0,150","250,420"
08/01/2016 20:55,79,"0,150","250,420"
08/01/2016 21:00,83,"0,150","250,420"
08/01/2016 21:05,84,"0,150","250,420"
08/01/2016 21:10,101,"0,150","250,420"
08/01/2016 21:15,70,"0,150","250,420"
08/01/2016 21:20,82,"0,150","250,420"
08/01/2016 21:25,93,"0,150","250,420"
08/01/2016 21:30,84,"0,150","250,420"
08/01/2016 21:35,72,"0,150","250,420"
08/01/2016 21:40,71,"0,150","250,420"
08/01/2016 21:45,61,"0,150","250,420"
08/01/2016 21:50,69,"0,150","250,420"
08/01/2016 21:55,59,"0,150","250,420"
08/01/2016 22:00,62,"0,150","250,420"
08/01/2016 22:05,55,"0,150","250,420"
08/01/2016 22:10,71,"0,150","250,420"
08/01/2016 22:15,71,"0,150","250,420"
08/01/2016 22:20,66,"0,150","250,420"
08/01/2016 22:25,55,"0,150","250,420"
08/01/2016 22:30,50,"0,150","250,420"
08/01/2016 22:35,53,"0,150","250,420"
08/01/2016 22:40,44,"0,150","250,420"
08/01/2016 22:45,49,"0,150","250,420"
08/01/2016 22:50,38,"0,150","250,420"
08/01/2016 22:55,38,"0,150","250,420"
08/01/2016 23:00,44,"0,150","250,420"
08/01/2016 23:05,35,"0,150","250,420"
08/01/2016 23:10,39,"0,150","250,420"
08/01/2016 23:15,37,"0,150","250,420"
08/01/2016 23:20,34,"0,150","250,420"
08/01/2016 23:25,30,"0,150","250,420"
08/01/2016 23:30,27,"0,150","250,420"
08/01/2016 23:35,29,"0,150","250,420"
08/01/2016 23:40,26,"0,150","250,420"
08/01/2016 23:45,23,"0,150","250,420"
08/01/2016 23:50,21,"0,150","250,420"
08/01/2016 23:55,25,"0,150","250,420"
11/01/2016 0:00,13,"0,150","250,420"
11/01/2016 0:05,16,"0,150","250,420"
11/01/2016 0:10,15,"0,150","250,420"
11/01/2016 0:15,13,"0,150","250,420"
11/01/2016 0:20,19,"0,150","250,420"
11/01/2016 0:25,20,"0,150","250,420"
11/01/2016 0:30,20,"0,150","250,420"
11/01/2016 0:35,24,"0,150","250,420"
11/01/2016 0:40,14,"0,150","250,420"
11/01/2016 0:45,21,"0,150","250,420"
11/01/2016 0:50,12,"0,150","250,420"
11/01/2016 0:55,12,"0,150","250,420"
11/01/2016 1:00,18,"0,150","250,420"
11/01/2016 1:05,14,"0,150","250,420"
11/01/2016 1:10,18,"0,150","250,420"
11/01/2016 1:15,13,"0,150","250,420"
11/01/2016 1:20,11,"0,150","250,420"
11/01/2016 1:25,15,"0,150","250,420"
11/01/2016 1:30,11,"0,150","250,420"
11/01/2016 1:35,12,"0,150","250,420"
11/01/2016 1:40,14,"0,150","250,420"
11/01/2016 1:45,14,"0,150","250,420"
11/01/2016 1:50,11,"0,150","250,420"
11/01/2016 1:55,12,"0,150","250,420"
11/01/2016 2:00,16,"0,150","250,420"
11/01/2016 2:05,9,"0,150","250,420"
11/01/2016 2:10,13,"0,150","250,420"
11/01/2016 2:15,15,"0,150","250,420"
11/01/2016 2:20,15,"0,150","250,420"
11/01/2016 2:25,11,"0,150","250,420"
11/01/2016 2:30,16,"0,150","250,420"
11/01/2016 2:35,20,"0,150","250,420"
11/01/2016 2:40,11,"0,150","250,420"
11/01/2016 2:45,16,"0,150","250,420"
11/01/2016 2:50,14,"0,150","250,420"
11/01/2016 2:55,11,"0,150","250,420"
11/01/2016 3:00,21,"0,150","250,420"
11/01/2016 3:05,23,"0,150","250,420"
11/01/2016 3:10,18,"0,150","250,420"
11/01/2016 3:15,17,"0,150","250,420"
11/01/2016 3:20,24,"0,150","250,420"
11/01/2016 3:25,15,"0,150","250,420"
11/01/2016 3:30,17,"0,150","250,420"
11/01/2016 3:35,26,"0,150","250,420"
11/01/2016 3:40,32,"0,150","250,420"
11/01/2016 3:45,25,"0,150","250,420"
11/01/2016 3:50,23,"0,150","250,420"
11/01/2016 3:55,31,"0,150","250,420"
11/01/2016 4:00,25,"0,150","250,420"
11/01/2016 4:05,30,"0,150","250,420"
11/01/2016 4:10,37,"0,150","250,420"
11/01/2016 4:15,34,"0,150","250,420"
11/01/2016 4:20,39,"0,150","250,420"
11/01/2016 4:25,44,"0,150","250,420"
11/01/2016 4:30,61,"0,150","250,420"
11/01/2016 4:35,43,"0,150","250,420"
11/01/2016 4:40,53,"0,150","250,420"
11/01/2016 4:45,71,"0,150","250,420"
11/01/2016 4:50,62,"0,150","250,420"
11/01/2016 4:55,50,"0,150","250,420"
11/01/2016 5:00,68,"0,150","250,420"
11/01/2016 5:05,75,"0,150","250,420"
11/01/2016 5:10,90,"0,150","250,420"
11/01/2016 5:15,83,"0,150","250,420"
11/01/2016 5:20,97,"0,150","250,420"
11/01/2016 5:25,120,"0,150","250,420"
11/01/2016 5:30,111,"0,150","250,420"
11/01/2016 5:35,128,"0,150","250,420"
11/01/2016 5:40,141,"0,150","250,420"
11/01/2016 5:45,134,"0,150","250,420"
11/01/2016 5:50,121,"0,150","250,420"
11/01/2016 5:55,117,"0,150","250,420"
11/01/2016 6:00,188,"0,150","250,420"
11/01/2016 6:05,193,"0,150","250,420"
11/01/2016 6:10,214,"0,150","250,420"
11/01/2016 6:15,295,"0,150","250,420"
11/01/2016 6:20,292,"0,150","250,420"
11/01/2016 6:25,274,"0,150","250,420"
11/01/2016 6:30,293,"0,150","250,420"
11/01/2016 6:35,302,"0,150","250,420"
11/01/2016 6:40,316,"0,150","250,420"
11/01/2016 6:45,320,"0,150","250,420"
11/01/2016 6:50,312,"0,150","250,420"
11/01/2016 6:55,269,"0,150","250,420"
11/01/2016 7:00,296,"0,150","250,420"
11/01/2016 7:05,294,"0,150","250,420"
11/01/2016 7:10,277,"0,150","250,420"
11/01/2016 7:15,298,"0,150","250,420"
11/01/2016 7:20,295,"0,150","250,420"
11/01/2016 7:25,311,"0,150","250,420"
11/01/2016 7:30,279,"0,150","250,420"
11/01/2016 7:35,216,"0,150","250,420"
11/01/2016 7:40,265,"0,150","250,420"
11/01/2016 7:45,242,"0,150","250,420"
11/01/2016 7:50,242,"0,150","250,420"
11/01/2016 7:55,274,"0,150","250,420"
11/01/2016 8:00,274,"0,150","250,420"
11/01/2016 8:05,251,"0,150","250,420"
11/01/2016 8:10,256,"0,150","250,420"
11/01/2016 8:15,280,"0,150","250,420"
11/01/2016 8:20,283,"0,150","250,420"
11/01/2016 8:25,240,"0,150","250,420"
11/01/2016 8:30,241,"0,150","250,420"
11/01/2016 8:35,226,"0,150","250,420"
11/01/2016 8:40,246,"0,150","250,420"
11/01/2016 8:45,235,"0,150","250,420"
11/01/2016 8:50,213,"0,150","250,420"
11/01/2016 8:55,218,"0,150","250,420"
11/01/2016 9:00,264,"0,150","250,420"
11/01/2016 9:05,200,"0,150","250,420"
11/01/2016 9:10,213,"0,150","250,420"
11/01/2016 9:15,195,"0,150","250,420"
11/01/2016 9:20,201,"0,150","250,420"
11/01/2016 9:25,188,"0,150","250,420"
11/01/2016 9:30,228,"0,150","250,420"
11/01/2016 9:35,180,"0,150","250,420"
11/01/2016 9:40,182,"0,150","250,420"
11/01/2016 9:45,203,"0,150","250,420"
11/01/2016 9:50,181,"0,150","250,420"
11/01/2016 9:55,179,"0,150","250,420"
11/01/2016 10:00,178,"0,150","250,420"
11/01/2016 10:05,144,"0,150","250,420"
11/01/2016 10:10,166,"0,150","250,420"
11/01/2016 10:15,159,"0,150","250,420"
11/01/2016 10:20,167,"0,150","250,420"
11/01/2016 10:25,155,"0,150","250,420"
11/01/2016 10:30,162,"0,150","250,420"
11/01/2016 10:35,160,"0,150","250,420"
11/01/2016 10:40,157,"0,150","250,420"
11/01/2016 10:45,166,"0,150","250,420"
11/01/2016 10:50,151,"0,150","250,420"
11/01/2016 10:55,139,"0,150","250,420"
11/01/2016 11:00,159,"0,150","250,420"
11/01/2016 11:05,142,"0,150","250,420"
11/01/2016 11:10,148,"0,150","250,420"
11/01/2016 11:15,137,"0,150","250,420"
11/01/2016 11:20,153,"0,150","250,420"
11/01/2016 11:25,144,"0,150","250,420"
11/01/2016 11:30,143,"0,150","250,420"
11/01/2016 11:35,132,"0,150","250,420"
11/01/2016 11:40,139,"0,150","250,420"
11/01/2016 11:45,145,"0,150","250,420"
11/01/2016 11:50,156,"0,150","250,420"
11/01/2016 11:55,145,"0,150","250,420"
11/01/2016 12:00,153,"0,150","250,420"
11/01/2016 12:05,158,"0,150","250,420"
11/01/2016 12:10,155,"0,150","250,420"
11/01/2016 12:15,171,"0,150","250,420"
11/01/2016 12:20,129,"0,150","250,420"
11/01/2016 12:25,148,"0,150","250,420"
11/01/2016 12:30,155,"0,150","250,420"
11/01/2016 12:35,168,"0,150","250,420"
11/01/2016 12:40,163,"0,150","250,420"
11/01/2016 12:45,158,"0,150","250,420"
11/01/2016 12:50,162,"0,150","250,420"
11/01/2016 12:55,161,"0,150","250,420"
11/01/2016 13:00,155,"0,150","250,420"
11/01/2016 13:05,164,"0,150","250,420"
11/01/2016 13:10,172,"0,150","250,420"
11/01/2016 13:15,170,"0,150","250,420"
11/01/2016 13:20,160,"0,150","250,420"
11/01/2016 13:25,164,"0,150","250,420"
11/01/2016 13:30,173,"0,150","250,420"
11/01/2016 13:35,150,"0,150","250,420"
11/01/2016 13:40,134,"0,150","250,420"
11/01/2016 13:45,149,"0,150","250,420"
11/01/2016 13:50,167,"0,150","250,420"
11/01/2016 13:55,149,"0,150","250,420"
11/01/2016 14:00,163,"0,150","250,420"
11/01/2016 14:05,152,"0,150","250,420"
11/01/2016 14:10,163,"0,150","250,420"
11/01/2016 14:15,164,"0,150","250,420"
11/01/2016 14:20,169,"0,150","250,420"
11/01/2016 14:25,166,"0,150","250,420"
11/01/2016 14:30,181,"0,150","250,420"
11/01/2016 14:35,169,"0,150","250,420"
11/01/2016 14:40,172,"0,150","250,420"
11/01/2016 14:45,195,"0,150","250,420"
11/01/2016 14:50,164,"0,150","250,420"
11/01/2016 14:55,189,"0,150","250,420"
11/01/2016 15:00,201,"0,150","250,420"
11/01/2016 15:05,178,"0,150","250,420"
11/01/2016 15:10,186,"0,150","250,420"
11/01/2016 15:15,216,"0,150","250,420"
11/01/2016 15:20,227,"0,150","250,420"
11/01/2016 15:25,225,"0,150","250,420"
11/01/2016 15:30,214,"0,150","250,420"
11/01/2016 15:35,206,"0,150","250,420"
11/01/2016 15:40,218,"0,150","250,420"
11/01/2016 15:45,257,"0,150","250,420"
11/01/2016 15:50,212,"0,150","250,420"
11/01/2016 15:55,200,"0,150","250,420"
11/01/2016 16:00,190,"0,150","250,420"
11/01/2016 16:05,217,"0,150","250,420"
11/01/2016 16:10,207,"0,150","250,420"
11/01/2016 16:15,230,"0,150","250,420"
11/01/2016 16:20,208,"0,150","250,420"
11/01/2016 16:25,209,"0,150","250,420"
11/01/2016 16:30,202,"0,150","250,420"
11/01/2016 16:35,204,"0,150","250,420"
11/01/2016 16:40,223,"0,150","250,420"
11/01/2016 16:45,239,"0,150","250,420"
11/01/2016 16:50,201,"0,150","250,420"
11/01/2016 16:55,199,"0,150","250,420"
11/01/2016 17:00,199,"0,150","250,420"
11/01/2016 17:05,174,"0,150","250,420"
11/01/2016 17:10,226,"0,150","250,420"
11/01/2016 17:15,216,"0,150","250,420"
11/01/2016 17:20,210,"0,150","250,420"
11/01/2016 17:25,215,"0,150","250,420"
11/01/2016 17:30,192,"0,150","250,420"
11/01/2016 17:35,195,"0,150","250,420"
11/01/2016 17:40,212,"0,150","250,420"
11/01/2016 17:45,181,"0,150","250,420"
11/01/2016 17:50,173,"0,150","250,420"
11/01/2016 17:55,162,"0,150","250,420"
11/01/2016 18:00,145,"0,150","250,420"
11/01/2016 18:05,188,"0,150","250,420"
11/01/2016 18:10,183,"0,150","250,420"
11/01/2016 18:15,202,"0,150","250,420"
11/01/2016 18:20,178,"0,150","250,420"
11/01/2016 18:25,176,"0,150","250,420"
11/01/2016 18:30,162,"0,150","250,420"
11/01/2016 18:35,131,"0,150","250,420"
11/01/2016 18:40,152,"0,150","250,420"
11/01/2016 18:45,142,"0,150","250,420"
11/01/2016 18:50,125,"0,150","250,420"
11/01/2016 18:55,115,"0,150","250,420"
11/01/2016 19:00,98,"0,150","250,420"
11/01/2016 19:05,101,"0,150","250,420"
11/01/2016 19:10,121,"0,150","250,420"
11/01/2016 19:15,113,"0,150","250,420"
11/01/2016 19:20,123,"0,150","250,420"
11/01/2016 19:25,114,"0,150","250,420"
11/01/2016 19:30,106,"0,150","250,420"
11/01/2016 19:35,106,"0,150","250,420"
11/01/2016 19:40,105,"0,150","250,420"
11/01/2016 19:45,111,"0,150","250,420"
11/01/2016 19:50,117,"0,150","250,420"
11/01/2016 19:55,93,"0,150","250,420"
11/01/2016 20:00,89,"0,150","250,420"
11/01/2016 20:05,98,"0,150","250,420"
11/01/2016 20:10,113,"0,150","250,420"
11/01/2016 20:15,102,"0,150","250,420"
11/01/2016 20:20,111,"0,150","250,420"
11/01/2016 20:25,86,"0,150","250,420"
11/01/2016 20:30,88,"0,150","250,420"
11/01/2016 20:35,100,"0,150","250,420"
11/01/2016 20:40,107,"0,150","250,420"
11/01/2016 20:45,98,"0,150","250,420"
11/01/2016 20:50,90,"0,150","250,420"
11/01/2016 20:55,87,"0,150","250,420"
11/01/2016 21:00,92,"0,150","250,420"
11/01/2016 21:05,102,"0,150","250,420"
11/01/2016 21:10,109,"0,150","250,420"
11/01/2016 21:15,35,"0,150","250,420"
11/01/2016 21:20,76,"0,150","250,420"
11/01/2016 21:25,80,"0,150","250,420"
11/01/2016 21:30,89,"0,150","250,420"
11/01/2016 21:35,81,"0,150","250,420"
11/01/2016 21:40,65,"0,150","250,420"
11/01/2016 21:45,64,"0,150","250,420"
11/01/2016 21:50,75,"0,150","250,420"
11/01/2016 21:55,64,"0,150","250,420"
11/01/2016 22:00,56,"0,150","250,420"
11/01/2016 22:05,47,"0,150","250,420"
11/01/2016 22:10,61,"0,150","250,420"
11/01/2016 22:15,70,"0,150","250,420"
11/01/2016 22:20,64,"0,150","250,420"
11/01/2016 22:25,62,"0,150","250,420"
11/01/2016 22:30,48,"0,150","250,420"
11/01/2016 22:35,60,"0,150","250,420"
11/01/2016 22:40,77,"0,150","250,420"
11/01/2016 22:45,51,"0,150","250,420"
11/01/2016 22:50,36,"0,150","250,420"
11/01/2016 22:55,32,"0,150","250,420"
11/01/2016 23:00,37,"0,150","250,420"
11/01/2016 23:05,36,"0,150","250,420"
11/01/2016 23:10,31,"0,150","250,420"
11/01/2016 23:15,21,"0,150","250,420"
11/01/2016 23:20,26,"0,150","250,420"
11/01/2016 23:25,43,"0,150","250,420"
11/01/2016 23:30,20,"0,150","250,420"
11/01/2016 23:35,29,"0,150","250,420"
11/01/2016 23:40,37,"0,150","250,420"
11/01/2016 23:45,37,"0,150","250,420"
11/01/2016 23:50,35,"0,150","250,420"
11/01/2016 23:55,31,"0,150","250,420"
12/01/2016 0:00,18,"0,0","0,180"
12/01/2016 0:05,16,"0,0","0,180"
12/01/2016 0:10,14,"0,0","0,180"
12/01/2016 0:15,15,"0,0","0,180"
12/01/2016 0:20,31,"0,0","0,180"
12/01/2016 0:25,29,"0,0","0,180"
12/01/2016 0:30,17,"0,0","0,180"
12/01/2016 0:35,21,"0,0","0,180"
12/01/2016 0:40,11,"0,0","0,180"
12/01/2016 0:45,14,"0,0","0,180"
12/01/2016 0:50,19,"0,0","0,180"
12/01/2016 0:55,12,"0,0","0,180"
12/01/2016 1:00,17,"0,0","0,180"
12/01/2016 1:05,15,"0,0","0,180"
12/01/2016 1:10,16,"0,0","0,180"
12/01/2016 1:15,14,"0,0","0,180"
12/01/2016 1:20,15,"0,0","0,180"
12/01/2016 1:25,17,"0,0","0,180"
12/01/2016 1:30,9,"0,0","0,180"
12/01/2016 1:35,15,"0,0","0,180"
12/01/2016 1:40,12,"0,0","0,180"
12/01/2016 1:45,5,"0,0","0,180"
12/01/2016 1:50,11,"0,0","0,180"
12/01/2016 1:55,11,"0,0","0,180"
12/01/2016 2:00,20,"0,0","0,180"
12/01/2016 2:05,12,"0,0","0,180"
12/01/2016 2:10,9,"0,0","0,180"
12/01/2016 2:15,15,"0,0","0,180"
12/01/2016 2:20,21,"0,0","0,180"
12/01/2016 2:25,17,"0,0","0,180"
12/01/2016 2:30,16,"0,0","0,180"
12/01/2016 2:35,17,"0,0","0,180"
12/01/2016 2:40,15,"0,0","0,180"
12/01/2016 2:45,11,"0,0","0,180"
12/01/2016 2:50,10,"0,0","0,180"
12/01/2016 2:55,21,"0,0","0,180"
12/01/2016 3:00,17,"0,0","0,180"
12/01/2016 3:05,21,"0,0","0,180"
12/01/2016 3:10,13,"0,0","0,180"
12/01/2016 3:15,18,"0,0","0,180"
12/01/2016 3:20,14,"0,0","0,180"
12/01/2016 3:25,14,"0,0","0,180"
12/01/2016 3:30,13,"0,0","0,180"
12/01/2016 3:35,25,"0,0","0,180"
12/01/2016 3:40,31,"0,0","0,180"
12/01/2016 3:45,18,"0,0","0,180"
12/01/2016 3:50,29,"0,0","0,180"
12/01/2016 3:55,29,"0,0","0,180"
12/01/2016 4:00,28,"0,0","0,180"
12/01/2016 4:05,21,"0,0","0,180"
12/01/2016 4:10,41,"0,0","0,180"
12/01/2016 4:15,43,"0,0","0,180"
12/01/2016 4:20,48,"0,0","0,180"
12/01/2016 4:25,32,"0,0","0,180"
12/01/2016 4:30,46,"0,0","0,180"
12/01/2016 4:35,51,"0,0","0,180"
12/01/2016 4:40,42,"0,0","0,180"
12/01/2016 4:45,59,"0,0","0,180"
12/01/2016 4:50,45,"0,0","0,180"
12/01/2016 4:55,54,"0,0","0,180"
12/01/2016 5:00,60,"0,0","0,180"
12/01/2016 5:05,59,"0,0","0,180"
12/01/2016 5:10,79,"0,0","0,180"
12/01/2016 5:15,76,"0,0","0,180"
12/01/2016 5:20,105,"0,0","0,180"
12/01/2016 5:25,105,"0,0","0,180"
12/01/2016 5:30,111,"0,0","0,180"
12/01/2016 5:35,112,"0,0","0,180"
12/01/2016 5:40,97,"0,0","0,180"
12/01/2016 5:45,125,"0,0","0,180"
12/01/2016 5:50,110,"0,0","0,180"
12/01/2016 5:55,127,"0,0","0,180"
12/01/2016 6:00,141,"0,0","0,180"
12/01/2016 6:05,201,"0,0","0,180"
12/01/2016 6:10,190,"0,0","0,180"
12/01/2016 6:15,216,"0,0","0,180"
12/01/2016 6:20,260,"0,0","0,180"
12/01/2016 6:25,242,"0,0","0,180"
12/01/2016 6:30,280,"0,0","0,180"
12/01/2016 6:35,259,"0,0","0,180"
12/01/2016 6:40,277,"0,0","0,180"
12/01/2016 6:45,255,"0,0","0,180"
12/01/2016 6:50,247,"0,0","0,180"
12/01/2016 6:55,265,"0,0","0,180"
12/01/2016 7:00,245,"0,0","0,180"
12/01/2016 7:05,271,"0,0","0,180"
12/01/2016 7:10,253,"0,0","0,180"
12/01/2016 7:15,247,"0,0","0,180"
12/01/2016 7:20,278,"0,0","0,180"
12/01/2016 7:25,252,"0,0","0,180"
12/01/2016 7:30,243,"0,0","0,180"
12/01/2016 7:35,250,"0,0","0,180"
12/01/2016 7:40,250,"0,0","0,180"
12/01/2016 7:45,260,"0,0","0,180"
12/01/2016 7:50,256,"0,0","0,180"
12/01/2016 7:55,263,"0,0","0,180"
12/01/2016 8:00,259,"0,0","0,180"
12/01/2016 8:05,272,"0,0","0,180"
12/01/2016 8:10,264,"0,0","0,180"
12/01/2016 8:15,263,"0,0","0,180"
12/01/2016 8:20,261,"0,0","0,180"
12/01/2016 8:25,254,"0,0","0,180"
12/01/2016 8:30,247,"0,0","0,180"
12/01/2016 8:35,218,"0,0","0,180"
12/01/2016 8:40,227,"0,0","0,180"
12/01/2016 8:45,227,"0,0","0,180"
12/01/2016 8:50,229,"0,0","0,180"
12/01/2016 8:55,199,"0,0","0,180"
12/01/2016 9:00,178,"0,0","0,180"
12/01/2016 9:05,222,"0,0","0,180"
12/01/2016 9:10,209,"0,0","0,180"
12/01/2016 9:15,181,"0,0","0,180"
12/01/2016 9:20,199,"0,0","0,180"
12/01/2016 9:25,188,"0,0","0,180"
12/01/2016 9:30,186,"0,0","0,180"
12/01/2016 9:35,192,"0,0","0,180"
12/01/2016 9:40,194,"0,0","0,180"
12/01/2016 9:45,173,"0,0","0,180"
12/01/2016 9:50,202,"0,0","0,180"
12/01/2016 9:55,168,"0,0","0,180"
12/01/2016 10:00,158,"0,0","0,180"
12/01/2016 10:05,157,"0,0","0,180"
12/01/2016 10:10,178,"0,0","0,180"
12/01/2016 10:15,154,"0,0","0,180"
12/01/2016 10:20,161,"0,0","0,180"
12/01/2016 10:25,166,"0,0","0,180"
12/01/2016 10:30,153,"0,0","0,180"
12/01/2016 10:35,166,"0,0","0,180"
12/01/2016 10:40,160,"0,0","0,180"
12/01/2016 10:45,167,"0,0","0,180"
12/01/2016 10:50,171,"0,0","0,180"
12/01/2016 10:55,148,"0,0","0,180"
12/01/2016 11:00,161,"0,0","0,180"
12/01/2016 11:05,168,"0,0","0,180"
12/01/2016 11:10,159,"0,0","0,180"
12/01/2016 11:15,157,"0,0","0,180"
12/01/2016 11:20,155,"0,0","0,180"
12/01/2016 11:25,154,"0,0","0,180"
12/01/2016 11:30,154,"0,0","0,180"
12/01/2016 11:35,191,"0,0","0,180"
12/01/2016 11:40,170,"0,0","0,180"
12/01/2016 11:45,164,"0,0","0,180"
12/01/2016 11:50,165,"0,0","0,180"
12/01/2016 11:55,134,"0,0","0,180"
12/01/2016 12:00,172,"0,0","0,180"
12/01/2016 12:05,133,"0,0","0,180"
12/01/2016 12:10,153,"0,0","0,180"
12/01/2016 12:15,176,"0,0","0,180"
12/01/2016 12:20,153,"0,0","0,180"
12/01/2016 12:25,167,"0,0","0,180"
12/01/2016 12:30,166,"0,0","0,180"
12/01/2016 12:35,167,"0,0","0,180"
12/01/2016 12:40,178,"0,0","0,180"
12/01/2016 12:45,165,"0,0","0,180"
12/01/2016 12:50,177,"0,0","0,180"
12/01/2016 12:55,145,"0,0","0,180"
12/01/2016 13:00,160,"0,0","0,180"
12/01/2016 13:05,161,"0,0","0,180"
12/01/2016 13:10,153,"0,0","0,180"
12/01/2016 13:15,154,"0,0","0,180"
12/01/2016 13:20,167,"0,0","0,180"
12/01/2016 13:25,166,"0,0","0,180"
12/01/2016 13:30,156,"0,0","0,180"
12/01/2016 13:35,159,"0,0","0,180"
12/01/2016 13:40,156,"0,0","0,180"
12/01/2016 13:45,173,"0,0","0,180"
12/01/2016 13:50,187,"0,0","0,180"
12/01/2016 13:55,159,"0,0","0,180"
12/01/2016 14:00,162,"0,0","0,180"
12/01/2016 14:05,172,"0,0","0,180"
12/01/2016 14:10,148,"0,0","0,180"
12/01/2016 14:15,171,"0,0","0,180"
12/01/2016 14:20,181,"0,0","0,180"
12/01/2016 14:25,205,"0,0","0,180"
12/01/2016 14:30,182,"0,0","0,180"
12/01/2016 14:35,175,"0,0","0,180"
12/01/2016 14:40,198,"0,0","0,180"
12/01/2016 14:45,198,"0,0","0,180"
12/01/2016 14:50,198,"0,0","0,180"
12/01/2016 14:55,192,"0,0","0,180"
12/01/2016 15:00,222,"0,0","0,180"
12/01/2016 15:05,223,"0,0","0,180"
12/01/2016 15:10,202,"0,0","0,180"
12/01/2016 15:15,207,"0,0","0,180"
12/01/2016 15:20,229,"0,0","0,180"
12/01/2016 15:25,213,"0,0","0,180"
12/01/2016 15:30,215,"0,0","0,180"
12/01/2016 15:35,204,"0,0","0,180"
12/01/2016 15:40,210,"0,0","0,180"
12/01/2016 15:45,213,"0,0","0,180"
12/01/2016 15:50,224,"0,0","0,180"
12/01/2016 15:55,195,"0,0","0,180"
12/01/2016 16:00,199,"0,0","0,180"
12/01/2016 16:05,197,"0,0","0,180"
12/01/2016 16:10,201,"0,0","0,180"
12/01/2016 16:15,233,"0,0","0,180"
12/01/2016 16:20,195,"0,0","0,180"
12/01/2016 16:25,177,"0,0","0,180"
12/01/2016 16:30,183,"0,0","0,180"
12/01/2016 16:35,183,"0,0","0,180"
12/01/2016 16:40,193,"0,0","0,180"
12/01/2016 16:45,202,"0,0","0,180"
12/01/2016 16:50,189,"0,0","0,180"
12/01/2016 16:55,193,"0,0","0,180"
12/01/2016 17:00,205,"0,0","0,180"
12/01/2016 17:05,172,"0,0","0,180"
12/01/2016 17:10,231,"0,0","0,180"
12/01/2016 17:15,196,"0,0","0,180"
12/01/2016 17:20,227,"0,0","0,180"
12/01/2016 17:25,233,"0,0","0,180"
12/01/2016 17:30,192,"0,0","0,180"
12/01/2016 17:35,200,"0,0","0,180"
12/01/2016 17:40,178,"0,0","0,180"
12/01/2016 17:45,173,"0,0","0,180"
12/01/2016 17:50,176,"0,0","0,180"
12/01/2016 17:55,165,"0,0","0,180"
12/01/2016 18:00,171,"0,0","0,180"
12/01/2016 18:05,188,"0,0","0,180"
12/01/2016 18:10,180,"0,0","0,180"
12/01/2016 18:15,200,"0,0","0,180"
12/01/2016 18:20,201,"0,0","0,180"
12/01/2016 18:25,164,"0,0","0,180"
12/01/2016 18:30,150,"0,0","0,180"
12/01/2016 18:35,165,"0,0","0,180"
12/01/2016 18:40,158,"0,0","0,180"
12/01/2016 18:45,148,"0,0","0,180"
12/01/2016 18:50,144,"0,0","0,180"
12/01/2016 18:55,122,"0,0","0,180"
12/01/2016 19:00,135,"0,0","0,180"
12/01/2016 19:05,109,"0,0","0,180"
12/01/2016 19:10,125,"0,0","0,180"
12/01/2016 19:15,137,"0,0","0,180"
12/01/2016 19:20,119,"0,0","0,180"
12/01/2016 19:25,116,"0,0","0,180"
12/01/2016 19:30,106,"0,0","0,180"
12/01/2016 19:35,98,"0,0","0,180"
12/01/2016 19:40,108,"0,0","0,180"
12/01/2016 19:45,101,"0,0","0,180"
12/01/2016 19:50,103,"0,0","0,180"
12/01/2016 19:55,80,"0,0","0,180"
12/01/2016 20:00,104,"0,0","0,180"
12/01/2016 20:05,117,"0,0","0,180"
12/01/2016 20:10,104,"0,0","0,180"
12/01/2016 20:15,92,"0,0","0,180"
12/01/2016 20:20,104,"0,0","0,180"
12/01/2016 20:25,103,"0,0","0,180"
12/01/2016 20:30,108,"0,0","0,180"
12/01/2016 20:35,103,"0,0","0,180"
12/01/2016 20:40,91,"0,0","0,180"
12/01/2016 20:45,91,"0,0","0,180"
12/01/2016 20:50,99,"0,0","0,180"
12/01/2016 20:55,104,"0,0","0,180"
12/01/2016 21:00,91,"0,0","0,180"
12/01/2016 21:05,92,"0,0","0,180"
12/01/2016 21:10,105,"0,0","0,180"
12/01/2016 21:15,96,"0,0","0,180"
12/01/2016 21:20,94,"0,0","0,180"
12/01/2016 21:25,91,"0,0","0,180"
12/01/2016 21:30,95,"0,0","0,180"
12/01/2016 21:35,98,"0,0","0,180"
12/01/2016 21:40,90,"0,0","0,180"
12/01/2016 21:45,94,"0,0","0,180"
12/01/2016 21:50,123,"0,0","0,180"
12/01/2016 21:55,108,"0,0","0,180"
12/01/2016 22:00,73,"0,0","0,180"
12/01/2016 22:05,79,"0,0","0,180"
12/01/2016 22:10,71,"0,0","0,180"
12/01/2016 22:15,93,"0,0","0,180"
12/01/2016 22:20,66,"0,0","0,180"
12/01/2016 22:25,72,"0,0","0,180"
12/01/2016 22:30,67,"0,0","0,180"
12/01/2016 22:35,58,"0,0","0,180"
12/01/2016 22:40,83,"0,0","0,180"
12/01/2016 22:45,69,"0,0","0,180"
12/01/2016 22:50,73,"0,0","0,180"
12/01/2016 22:55,60,"0,0","0,180"
12/01/2016 23:00,49,"0,0","0,180"
12/01/2016 23:05,68,"0,0","0,180"
12/01/2016 23:10,55,"0,0","0,180"
12/01/2016 23:15,42,"0,0","0,180"
12/01/2016 23:20,59,"0,0","0,180"
12/01/2016 23:25,56,"0,0","0,180"
12/01/2016 23:30,55,"0,0","0,180"
12/01/2016 23:35,40,"0,0","0,180"
12/01/2016 23:40,51,"0,0","0,180"
12/01/2016 23:45,47,"0,0","0,180"
12/01/2016 23:50,46,"0,0","0,180"
12/01/2016 23:55,46,"0,0","0,180"